date,machine_name,region_id,sex,genotype,compound,vial_date,start_hour,concentration
2022-02-03,ETHOSCOPE_109,1,male,rdl_mutant,solvent,21/01/2022,ZT0,100
2022-02-03,ETHOSCOPE_109,2,male,rdl_mutant,solvent,21/01/2022,ZT0,100
2022-02-03,ETHOSCOPE_109,3,male,rdl_mutant,solvent,21/01/2022,ZT0,100
2022-02-03,ETHOSCOPE_109,4,male,rdl_mutant,solvent,21/01/2022,ZT0,100
2022-02-03,ETHOSCOPE_109,5,male,rdl_mutant,solvent,21/01/2022,ZT0,100
2022-02-03,ETHOSCOPE_109,6,male,rdl_mutant,solvent,21/01/2022,ZT0,100
2022-02-03,ETHOSCOPE_109,7,male,rdl_mutant,solvent,21/01/2022,ZT0,100
2022-02-03,ETHOSCOPE_109,8,male,rdl_mutant,solvent,21/01/2022,ZT0,100
2022-02-03,ETHOSCOPE_109,9,male,rdl_mutant,solvent,21/01/2022,ZT0,100
2022-02-03,ETHOSCOPE_109,10,male,rdl_mutant,solvent,21/01/2022,ZT0,100
2022-02-03,ETHOSCOPE_109,11,male,rdl_mutant,solvent,21/01/2022,ZT0,100
2022-02-03,ETHOSCOPE_109,12,male,rdl_mutant,solvent,21/01/2022,ZT0,100
2022-02-03,ETHOSCOPE_109,13,male,rdl_mutant,solvent,21/01/2022,ZT0,100
2022-02-03,ETHOSCOPE_109,14,male,rdl_mutant,solvent,21/01/2022,ZT0,100
2022-02-03,ETHOSCOPE_109,15,male,rdl_mutant,solvent,21/01/2022,ZT0,100
2022-02-03,ETHOSCOPE_109,16,male,rdl_mutant,solvent,21/01/2022,ZT0,100
2022-02-03,ETHOSCOPE_109,17,male,rdl_mutant,solvent,21/01/2022,ZT0,100
2022-02-03,ETHOSCOPE_109,18,male,rdl_mutant,solvent,21/01/2022,ZT0,100
2022-02-03,ETHOSCOPE_109,19,male,rdl_mutant,solvent,21/01/2022,ZT0,100
2022-02-03,ETHOSCOPE_109,20,male,rdl_mutant,solvent,21/01/2022,ZT0,100
2022-02-03,ETHOSCOPE_109,21,male,rdl_mutant,solvent,21/01/2022,ZT0,100
2022-02-03,ETHOSCOPE_109,22,male,rdl_mutant,solvent,21/01/2022,ZT0,100
2022-02-03,ETHOSCOPE_109,23,male,rdl_mutant,solvent,21/01/2022,ZT0,100
2022-02-03,ETHOSCOPE_109,24,male,rdl_mutant,solvent,21/01/2022,ZT0,100
2022-02-03,ETHOSCOPE_148,1,male,rdl_mutant,solvent,21/01/2022,ZT0,100
2022-02-03,ETHOSCOPE_148,2,male,rdl_mutant,solvent,21/01/2022,ZT0,100
2022-02-03,ETHOSCOPE_148,3,male,rdl_mutant,solvent,21/01/2022,ZT0,100
2022-02-03,ETHOSCOPE_148,4,male,rdl_mutant,solvent,21/01/2022,ZT0,100
2022-02-03,ETHOSCOPE_148,5,male,rdl_mutant,solvent,21/01/2022,ZT0,100
2022-02-03,ETHOSCOPE_148,6,male,rdl_mutant,solvent,21/01/2022,ZT0,100
2022-02-03,ETHOSCOPE_148,7,male,rdl_mutant,solvent,21/01/2022,ZT0,100
2022-02-03,ETHOSCOPE_148,8,male,rdl_mutant,solvent,21/01/2022,ZT0,100
2022-02-03,ETHOSCOPE_148,9,male,rdl_mutant,solvent,21/01/2022,ZT0,100
2022-02-03,ETHOSCOPE_148,10,male,rdl_mutant,solvent,21/01/2022,ZT0,100
2022-02-03,ETHOSCOPE_148,11,male,rdl_mutant,solvent,21/01/2022,ZT0,100
2022-02-03,ETHOSCOPE_148,12,male,rdl_mutant,solvent,21/01/2022,ZT0,100
2022-02-03,ETHOSCOPE_148,13,male,rdl_mutant,solvent,21/01/2022,ZT0,100
2022-02-03,ETHOSCOPE_148,14,male,rdl_mutant,solvent,21/01/2022,ZT0,100
2022-02-03,ETHOSCOPE_148,15,male,rdl_mutant,solvent,21/01/2022,ZT0,100
2022-02-03,ETHOSCOPE_148,16,male,rdl_mutant,solvent,21/01/2022,ZT0,100
2022-02-03,ETHOSCOPE_148,17,male,rdl_mutant,solvent,21/01/2022,ZT0,100
2022-02-03,ETHOSCOPE_148,18,male,rdl_mutant,solvent,21/01/2022,ZT0,100
2022-02-03,ETHOSCOPE_148,19,male,rdl_mutant,solvent,21/01/2022,ZT0,100
2022-02-03,ETHOSCOPE_148,20,male,rdl_mutant,solvent,21/01/2022,ZT0,100
2022-02-03,ETHOSCOPE_148,21,male,rdl_mutant,solvent,21/01/2022,ZT0,100
2022-02-03,ETHOSCOPE_148,22,male,rdl_mutant,solvent,21/01/2022,ZT0,100
2022-02-03,ETHOSCOPE_148,23,male,rdl_mutant,solvent,21/01/2022,ZT0,100
2022-02-03,ETHOSCOPE_148,24,male,rdl_mutant,solvent,21/01/2022,ZT0,100
2022-02-03,ETHOSCOPE_259,1,male,rdl_mutant,dieldrin,21/01/2022,ZT0,100
2022-02-03,ETHOSCOPE_259,2,male,rdl_mutant,dieldrin,21/01/2022,ZT0,100
2022-02-03,ETHOSCOPE_259,3,male,rdl_mutant,dieldrin,21/01/2022,ZT0,100
2022-02-03,ETHOSCOPE_259,4,male,rdl_mutant,dieldrin,21/01/2022,ZT0,100
2022-02-03,ETHOSCOPE_259,5,male,rdl_mutant,dieldrin,21/01/2022,ZT0,100
2022-02-03,ETHOSCOPE_259,6,male,rdl_mutant,dieldrin,21/01/2022,ZT0,100
2022-02-03,ETHOSCOPE_259,7,male,rdl_mutant,dieldrin,21/01/2022,ZT0,100
2022-02-03,ETHOSCOPE_259,8,male,rdl_mutant,dieldrin,21/01/2022,ZT0,100
2022-02-03,ETHOSCOPE_259,9,male,rdl_mutant,dieldrin,21/01/2022,ZT0,100
2022-02-03,ETHOSCOPE_259,10,male,rdl_mutant,dieldrin,21/01/2022,ZT0,100
2022-02-03,ETHOSCOPE_259,11,male,rdl_mutant,dieldrin,21/01/2022,ZT0,100
2022-02-03,ETHOSCOPE_259,12,male,rdl_mutant,dieldrin,21/01/2022,ZT0,100
2022-02-03,ETHOSCOPE_259,13,male,rdl_mutant,dieldrin,21/01/2022,ZT0,100
2022-02-03,ETHOSCOPE_259,14,male,rdl_mutant,dieldrin,21/01/2022,ZT0,100
2022-02-03,ETHOSCOPE_259,15,male,rdl_mutant,dieldrin,21/01/2022,ZT0,100
2022-02-03,ETHOSCOPE_259,16,male,rdl_mutant,dieldrin,21/01/2022,ZT0,100
2022-02-03,ETHOSCOPE_259,17,male,rdl_mutant,dieldrin,21/01/2022,ZT0,100
2022-02-03,ETHOSCOPE_259,18,male,rdl_mutant,dieldrin,21/01/2022,ZT0,100
2022-02-03,ETHOSCOPE_259,19,male,rdl_mutant,dieldrin,21/01/2022,ZT0,100
2022-02-03,ETHOSCOPE_259,20,male,rdl_mutant,dieldrin,21/01/2022,ZT0,100
2022-02-03,ETHOSCOPE_259,21,male,rdl_mutant,dieldrin,21/01/2022,ZT0,100
2022-02-03,ETHOSCOPE_259,22,male,rdl_mutant,dieldrin,21/01/2022,ZT0,100
2022-02-03,ETHOSCOPE_259,23,male,rdl_mutant,dieldrin,21/01/2022,ZT0,100
2022-02-03,ETHOSCOPE_259,24,male,rdl_mutant,dieldrin,21/01/2022,ZT0,100
2022-02-03,ETHOSCOPE_238,1,male,rdl_mutant,dieldrin,21/01/2022,ZT0,100
2022-02-03,ETHOSCOPE_238,2,male,rdl_mutant,dieldrin,21/01/2022,ZT0,100
2022-02-03,ETHOSCOPE_238,3,male,rdl_mutant,dieldrin,21/01/2022,ZT0,100
2022-02-03,ETHOSCOPE_238,4,male,rdl_mutant,dieldrin,21/01/2022,ZT0,100
2022-02-03,ETHOSCOPE_238,5,male,rdl_mutant,dieldrin,21/01/2022,ZT0,100
2022-02-03,ETHOSCOPE_238,6,male,rdl_mutant,dieldrin,21/01/2022,ZT0,100
2022-02-03,ETHOSCOPE_238,7,male,rdl_mutant,dieldrin,21/01/2022,ZT0,100
2022-02-03,ETHOSCOPE_238,8,male,rdl_mutant,dieldrin,21/01/2022,ZT0,100
2022-02-03,ETHOSCOPE_238,9,male,rdl_mutant,dieldrin,21/01/2022,ZT0,100
2022-02-03,ETHOSCOPE_238,10,male,rdl_mutant,dieldrin,21/01/2022,ZT0,100
2022-02-03,ETHOSCOPE_238,11,male,rdl_mutant,dieldrin,21/01/2022,ZT0,100
2022-02-03,ETHOSCOPE_238,12,male,rdl_mutant,dieldrin,21/01/2022,ZT0,100
2022-02-03,ETHOSCOPE_238,13,male,rdl_mutant,dieldrin,21/01/2022,ZT0,100
2022-02-03,ETHOSCOPE_238,14,male,rdl_mutant,dieldrin,21/01/2022,ZT0,100
2022-02-03,ETHOSCOPE_238,15,male,rdl_mutant,dieldrin,21/01/2022,ZT0,100
2022-02-03,ETHOSCOPE_238,16,male,rdl_mutant,dieldrin,21/01/2022,ZT0,100
2022-02-03,ETHOSCOPE_238,17,male,rdl_mutant,dieldrin,21/01/2022,ZT0,100
2022-02-03,ETHOSCOPE_238,18,male,rdl_mutant,dieldrin,21/01/2022,ZT0,100
2022-02-03,ETHOSCOPE_238,19,male,rdl_mutant,dieldrin,21/01/2022,ZT0,100
2022-02-03,ETHOSCOPE_238,20,male,rdl_mutant,dieldrin,21/01/2022,ZT0,100
2022-02-03,ETHOSCOPE_238,21,male,rdl_mutant,dieldrin,21/01/2022,ZT0,100
2022-02-03,ETHOSCOPE_238,22,male,rdl_mutant,dieldrin,21/01/2022,ZT0,100
2022-02-03,ETHOSCOPE_238,23,male,rdl_mutant,dieldrin,21/01/2022,ZT0,100
2022-02-03,ETHOSCOPE_238,24,male,rdl_mutant,dieldrin,21/01/2022,ZT0,100
