date,machine_name,region_id,sex,sdi,baseline_days,status,video_region_id,video
2016-04-04,ETHOSCOPE_004,1,F,0,4,OK,None,None
2016-04-04,ETHOSCOPE_004,2,F,0,4,OK,None,None
2016-04-04,ETHOSCOPE_004,3,F,0,4,OK,None,None
2016-04-04,ETHOSCOPE_004,4,F,0,4,OK,None,None
2016-04-04,ETHOSCOPE_004,5,F,0,4,OK,None,None
2016-04-04,ETHOSCOPE_004,6,F,0,4,OK,None,None
2016-04-04,ETHOSCOPE_004,7,F,0,4,OK,None,None
2016-04-04,ETHOSCOPE_004,8,F,0,4,OK,None,None
2016-04-04,ETHOSCOPE_004,9,F,0,4,OK,None,None
2016-04-04,ETHOSCOPE_004,10,F,0,4,OK,None,None
2016-04-04,ETHOSCOPE_004,11,F,0,4,OK,None,None
2016-04-04,ETHOSCOPE_004,12,F,0,4,OK,None,None
2016-04-04,ETHOSCOPE_004,13,F,0,4,OK,None,None
2016-04-04,ETHOSCOPE_004,14,F,0,4,OK,None,None
2016-04-04,ETHOSCOPE_004,15,F,0,4,OK,None,None
2016-04-04,ETHOSCOPE_004,16,F,0,4,OK,None,None
2016-04-04,ETHOSCOPE_004,17,F,0,4,OK,None,None
2016-04-04,ETHOSCOPE_004,18,F,0,4,OK,None,None
2016-04-04,ETHOSCOPE_004,19,F,0,4,OK,None,None
2016-04-04,ETHOSCOPE_004,20,F,0,4,OK,None,None
2016-04-04,ETHOSCOPE_005,1,F,0,4,OK,None,None
2016-04-04,ETHOSCOPE_005,2,F,0,4,OK,None,None
2016-04-04,ETHOSCOPE_005,3,F,0,4,OK,None,None
2016-04-04,ETHOSCOPE_005,4,F,0,4,OK,None,None
2016-04-04,ETHOSCOPE_005,5,F,0,4,OK,None,None
2016-04-04,ETHOSCOPE_005,6,F,0,4,OK,None,None
2016-04-04,ETHOSCOPE_005,7,F,0,4,OK,None,None
2016-04-04,ETHOSCOPE_005,8,F,0,4,OK,None,None
2016-04-04,ETHOSCOPE_005,9,F,0,4,OK,None,None
2016-04-04,ETHOSCOPE_005,10,F,0,4,OK,None,None
2016-04-04,ETHOSCOPE_005,11,F,0,4,OK,None,None
2016-04-04,ETHOSCOPE_005,12,F,0,4,OK,None,None
2016-04-04,ETHOSCOPE_005,13,F,0,4,OK,None,None
2016-04-04,ETHOSCOPE_005,14,F,0,4,OK,None,None
2016-04-04,ETHOSCOPE_005,15,F,0,4,OK,None,None
2016-04-04,ETHOSCOPE_005,16,F,0,4,OK,None,None
2016-04-04,ETHOSCOPE_005,17,F,0,4,OK,None,None
2016-04-04,ETHOSCOPE_005,18,F,0,4,OK,None,None
2016-04-04,ETHOSCOPE_005,19,F,0,4,OK,None,None
2016-04-04,ETHOSCOPE_005,20,F,0,4,OK,None,None
2016-04-04,ETHOSCOPE_020,1,F,0,4,OK,None,None
2016-04-04,ETHOSCOPE_020,2,F,0,4,OK,None,None
2016-04-04,ETHOSCOPE_020,3,F,0,4,OK,None,None
2016-04-04,ETHOSCOPE_020,4,F,0,4,OK,None,None
2016-04-04,ETHOSCOPE_020,5,F,0,4,OK,None,None
2016-04-04,ETHOSCOPE_020,6,F,0,4,OK,None,None
2016-04-04,ETHOSCOPE_020,7,F,0,4,OK,None,None
2016-04-04,ETHOSCOPE_020,8,F,0,4,OK,None,None
2016-04-04,ETHOSCOPE_020,9,F,0,4,OK,None,None
2016-04-04,ETHOSCOPE_020,10,F,0,4,OK,None,None
2016-04-04,ETHOSCOPE_020,11,F,0,4,OK,None,None
2016-04-04,ETHOSCOPE_020,12,F,0,4,OK,None,None
2016-04-04,ETHOSCOPE_020,13,F,0,4,OK,None,None
2016-04-04,ETHOSCOPE_020,14,F,0,4,OK,None,None
2016-04-04,ETHOSCOPE_020,15,F,0,4,OK,None,None
2016-04-04,ETHOSCOPE_020,16,F,0,4,OK,None,None
2016-04-04,ETHOSCOPE_020,17,F,0,4,OK,None,None
2016-04-04,ETHOSCOPE_020,18,F,0,4,OK,None,None
2016-04-04,ETHOSCOPE_020,19,F,0,4,OK,None,None
2016-04-04,ETHOSCOPE_020,20,F,0,4,OK,None,None
2016-04-04,ETHOSCOPE_001,1,F,0,4,OK,None,None
2016-04-04,ETHOSCOPE_001,2,F,0,4,OK,None,None
2016-04-04,ETHOSCOPE_001,3,F,0,4,OK,None,None
2016-04-04,ETHOSCOPE_001,4,F,0,4,OK,None,None
2016-04-04,ETHOSCOPE_001,5,F,0,4,OK,None,None
2016-04-04,ETHOSCOPE_001,6,F,0,4,OK,None,None
2016-04-04,ETHOSCOPE_001,7,F,0,4,OK,None,None
2016-04-04,ETHOSCOPE_001,8,F,0,4,OK,None,None
2016-04-04,ETHOSCOPE_001,9,F,0,4,OK,None,None
2016-04-04,ETHOSCOPE_001,10,F,0,4,OK,None,None
2016-04-04,ETHOSCOPE_001,11,F,0,4,OK,None,None
2016-04-04,ETHOSCOPE_001,12,F,0,4,OK,None,None
2016-04-04,ETHOSCOPE_001,13,F,0,4,OK,None,None
2016-04-04,ETHOSCOPE_001,14,F,0,4,OK,None,None
2016-04-04,ETHOSCOPE_001,15,F,0,4,OK,None,None
2016-04-04,ETHOSCOPE_001,16,F,0,4,OK,None,None
2016-04-04,ETHOSCOPE_001,17,F,0,4,OK,None,None
2016-04-04,ETHOSCOPE_001,18,F,0,4,OK,None,None
2016-04-04,ETHOSCOPE_001,19,F,0,4,OK,None,None
2016-04-04,ETHOSCOPE_001,20,F,0,4,OK,None,None
2016-04-04,ETHOSCOPE_003,1,F,0,4,OK,None,None
2016-04-04,ETHOSCOPE_003,2,F,0,4,OK,None,None
2016-04-04,ETHOSCOPE_003,3,F,0,4,OK,None,None
2016-04-04,ETHOSCOPE_003,4,F,0,4,OK,None,None
2016-04-04,ETHOSCOPE_003,5,F,0,4,OK,None,None
2016-04-04,ETHOSCOPE_003,6,F,0,4,OK,None,None
2016-04-04,ETHOSCOPE_003,7,F,0,4,OK,None,None
2016-04-04,ETHOSCOPE_003,8,F,0,4,OK,None,None
2016-04-04,ETHOSCOPE_003,9,F,0,4,OK,None,None
2016-04-04,ETHOSCOPE_003,10,F,0,4,OK,None,None
2016-04-04,ETHOSCOPE_003,11,F,0,4,OK,None,None
2016-04-04,ETHOSCOPE_003,12,F,0,4,OK,None,None
2016-04-04,ETHOSCOPE_003,13,F,0,4,OK,None,None
2016-04-04,ETHOSCOPE_003,14,F,0,4,OK,None,None
2016-04-04,ETHOSCOPE_003,15,F,0,4,OK,None,None
2016-04-04,ETHOSCOPE_003,16,F,0,4,OK,None,None
2016-04-04,ETHOSCOPE_003,17,F,0,4,OK,None,None
2016-04-04,ETHOSCOPE_003,18,F,0,4,OK,None,None
2016-04-04,ETHOSCOPE_003,19,F,0,4,OK,None,None
2016-04-04,ETHOSCOPE_003,20,F,0,4,OK,None,None
2016-04-11,ETHOSCOPE_004,1,F,0,4,OK,None,None
2016-04-11,ETHOSCOPE_004,2,F,0,4,OK,None,None
2016-04-11,ETHOSCOPE_004,3,F,0,4,OK,None,None
2016-04-11,ETHOSCOPE_004,4,F,0,4,OK,None,None
2016-04-11,ETHOSCOPE_004,5,F,0,4,OK,None,None
2016-04-11,ETHOSCOPE_004,6,F,0,4,OK,None,None
2016-04-11,ETHOSCOPE_004,7,F,0,4,OK,None,None
2016-04-11,ETHOSCOPE_004,8,F,0,4,OK,None,None
2016-04-11,ETHOSCOPE_004,9,F,0,4,OK,None,None
2016-04-11,ETHOSCOPE_004,10,F,0,4,OK,None,None
2016-04-11,ETHOSCOPE_004,11,F,0,4,OK,None,None
2016-04-11,ETHOSCOPE_004,12,F,0,4,OK,None,None
2016-04-11,ETHOSCOPE_004,13,F,0,4,OK,None,None
2016-04-11,ETHOSCOPE_004,14,F,0,4,OK,None,None
2016-04-11,ETHOSCOPE_004,15,F,0,4,OK,None,None
2016-04-11,ETHOSCOPE_004,16,F,0,4,OK,None,None
2016-04-11,ETHOSCOPE_004,17,F,0,4,OK,None,None
2016-04-11,ETHOSCOPE_004,18,F,0,4,OK,None,None
2016-04-11,ETHOSCOPE_004,19,F,0,4,OK,None,None
2016-04-11,ETHOSCOPE_004,20,F,0,4,OK,None,None
2016-04-11,ETHOSCOPE_005,1,F,0,4,OK,None,None
2016-04-11,ETHOSCOPE_005,2,F,0,4,OK,None,None
2016-04-11,ETHOSCOPE_005,3,F,0,4,OK,None,None
2016-04-11,ETHOSCOPE_005,4,F,0,4,OK,None,None
2016-04-11,ETHOSCOPE_005,5,F,0,4,OK,None,None
2016-04-11,ETHOSCOPE_005,6,F,0,4,OK,None,None
2016-04-11,ETHOSCOPE_005,7,F,0,4,OK,None,None
2016-04-11,ETHOSCOPE_005,8,F,0,4,OK,None,None
2016-04-11,ETHOSCOPE_005,9,F,0,4,OK,None,None
2016-04-11,ETHOSCOPE_005,10,F,0,4,OK,None,None
2016-04-11,ETHOSCOPE_005,11,F,0,4,OK,None,None
2016-04-11,ETHOSCOPE_005,12,F,0,4,OK,None,None
2016-04-11,ETHOSCOPE_005,13,F,0,4,OK,None,None
2016-04-11,ETHOSCOPE_005,14,F,0,4,OK,None,None
2016-04-11,ETHOSCOPE_005,15,F,0,4,OK,None,None
2016-04-11,ETHOSCOPE_005,16,F,0,4,OK,None,None
2016-04-11,ETHOSCOPE_005,17,F,0,4,OK,None,None
2016-04-11,ETHOSCOPE_005,18,F,0,4,OK,None,None
2016-04-11,ETHOSCOPE_005,19,F,0,4,OK,None,None
2016-04-11,ETHOSCOPE_005,20,F,0,4,OK,None,None
2016-04-11,ETHOSCOPE_020,1,F,0,4,OK,None,None
2016-04-11,ETHOSCOPE_020,2,F,0,4,OK,None,None
2016-04-11,ETHOSCOPE_020,3,F,0,4,OK,None,None
2016-04-11,ETHOSCOPE_020,4,F,0,4,OK,None,None
2016-04-11,ETHOSCOPE_020,5,F,0,4,OK,None,None
2016-04-11,ETHOSCOPE_020,6,F,0,4,OK,None,None
2016-04-11,ETHOSCOPE_020,7,F,0,4,OK,None,None
2016-04-11,ETHOSCOPE_020,8,F,0,4,OK,None,None
2016-04-11,ETHOSCOPE_020,9,F,0,4,OK,None,None
2016-04-11,ETHOSCOPE_020,10,F,0,4,OK,None,None
2016-04-11,ETHOSCOPE_020,11,F,0,4,OK,None,None
2016-04-11,ETHOSCOPE_020,12,F,0,4,OK,None,None
2016-04-11,ETHOSCOPE_020,13,F,0,4,OK,None,None
2016-04-11,ETHOSCOPE_020,14,F,0,4,OK,None,None
2016-04-11,ETHOSCOPE_020,15,F,0,4,OK,None,None
2016-04-11,ETHOSCOPE_020,16,F,0,4,OK,None,None
2016-04-11,ETHOSCOPE_020,17,F,0,4,OK,None,None
2016-04-11,ETHOSCOPE_020,18,F,0,4,OK,None,None
2016-04-11,ETHOSCOPE_020,19,F,0,4,OK,None,None
2016-04-11,ETHOSCOPE_020,20,F,0,4,OK,None,None
2016-04-11,ETHOSCOPE_001,1,F,0,4,OK,None,None
2016-04-11,ETHOSCOPE_001,2,F,0,4,OK,None,None
2016-04-11,ETHOSCOPE_001,3,F,0,4,OK,None,None
2016-04-11,ETHOSCOPE_001,4,F,0,4,OK,None,None
2016-04-11,ETHOSCOPE_001,5,F,0,4,OK,None,None
2016-04-11,ETHOSCOPE_001,6,F,0,4,OK,None,None
2016-04-11,ETHOSCOPE_001,7,F,0,4,OK,None,None
2016-04-11,ETHOSCOPE_001,8,F,0,4,OK,None,None
2016-04-11,ETHOSCOPE_001,9,F,0,4,OK,None,None
2016-04-11,ETHOSCOPE_001,10,F,0,4,OK,None,None
2016-04-11,ETHOSCOPE_001,11,F,0,4,OK,None,None
2016-04-11,ETHOSCOPE_001,12,F,0,4,OK,None,None
2016-04-11,ETHOSCOPE_001,13,F,0,4,OK,None,None
2016-04-11,ETHOSCOPE_001,14,F,0,4,OK,None,None
2016-04-11,ETHOSCOPE_001,15,F,0,4,OK,None,None
2016-04-11,ETHOSCOPE_001,16,F,0,4,OK,None,None
2016-04-11,ETHOSCOPE_001,17,F,0,4,OK,None,None
2016-04-11,ETHOSCOPE_001,18,F,0,4,OK,None,None
2016-04-11,ETHOSCOPE_001,19,F,0,4,OK,None,None
2016-04-11,ETHOSCOPE_001,20,F,0,4,OK,None,None
2016-04-11,ETHOSCOPE_002,1,F,0,4,OK,None,None
2016-04-11,ETHOSCOPE_002,2,F,0,4,OK,None,None
2016-04-11,ETHOSCOPE_002,3,F,0,4,OK,None,None
2016-04-11,ETHOSCOPE_002,4,F,0,4,OK,None,None
2016-04-11,ETHOSCOPE_002,5,F,0,4,OK,None,None
2016-04-11,ETHOSCOPE_002,6,F,0,4,OK,None,None
2016-04-11,ETHOSCOPE_002,7,F,0,4,OK,None,None
2016-04-11,ETHOSCOPE_002,8,F,0,4,OK,None,None
2016-04-11,ETHOSCOPE_002,9,F,0,4,OK,None,None
2016-04-11,ETHOSCOPE_002,10,F,0,4,OK,None,None
2016-04-11,ETHOSCOPE_002,11,F,0,4,OK,None,None
2016-04-11,ETHOSCOPE_002,12,F,0,4,OK,None,None
2016-04-11,ETHOSCOPE_002,13,F,0,4,OK,None,None
2016-04-11,ETHOSCOPE_002,14,F,0,4,OK,None,None
2016-04-11,ETHOSCOPE_002,15,F,0,4,OK,None,None
2016-04-11,ETHOSCOPE_002,16,F,0,4,OK,None,None
2016-04-11,ETHOSCOPE_002,17,F,0,4,OK,None,None
2016-04-11,ETHOSCOPE_002,18,F,0,4,OK,None,None
2016-04-11,ETHOSCOPE_002,19,F,0,4,OK,None,None
2016-04-11,ETHOSCOPE_002,20,F,0,4,OK,None,None
2016-04-11,ETHOSCOPE_003,1,F,0,4,OK,None,None
2016-04-11,ETHOSCOPE_003,2,F,0,4,OK,None,None
2016-04-11,ETHOSCOPE_003,3,F,0,4,OK,None,None
2016-04-11,ETHOSCOPE_003,4,F,0,4,OK,None,None
2016-04-11,ETHOSCOPE_003,5,F,0,4,OK,None,None
2016-04-11,ETHOSCOPE_003,6,F,0,4,OK,None,None
2016-04-11,ETHOSCOPE_003,7,F,0,4,OK,None,None
2016-04-11,ETHOSCOPE_003,8,F,0,4,OK,None,None
2016-04-11,ETHOSCOPE_003,9,F,0,4,OK,None,None
2016-04-11,ETHOSCOPE_003,10,F,0,4,OK,None,None
2016-04-11,ETHOSCOPE_003,11,F,0,4,OK,None,None
2016-04-11,ETHOSCOPE_003,12,F,0,4,OK,None,None
2016-04-11,ETHOSCOPE_003,14,F,0,4,OK,None,None
2016-04-11,ETHOSCOPE_003,15,F,0,4,OK,None,None
2016-04-11,ETHOSCOPE_003,16,F,0,4,OK,None,None
2016-04-11,ETHOSCOPE_003,17,F,0,4,OK,None,None
2016-04-11,ETHOSCOPE_003,18,F,0,4,OK,None,None
2016-04-11,ETHOSCOPE_003,19,F,0,4,OK,None,None
2016-04-11,ETHOSCOPE_003,20,F,0,4,OK,None,None
2016-04-18,ETHOSCOPE_004,6,F,0,4,OK,None,None
2016-04-18,ETHOSCOPE_004,8,F,0,4,OK,None,None
2016-04-18,ETHOSCOPE_004,10,F,0,4,OK,None,None
2016-04-18,ETHOSCOPE_004,11,F,0,4,OK,None,None
2016-04-18,ETHOSCOPE_004,13,F,0,4,OK,None,None
2016-04-18,ETHOSCOPE_004,15,F,0,4,OK,None,None
2016-04-18,ETHOSCOPE_004,17,F,0,4,OK,None,None
2016-04-18,ETHOSCOPE_004,19,F,0,4,OK,None,None
2016-04-18,ETHOSCOPE_007,6,F,0,4,OK,None,None
2016-04-18,ETHOSCOPE_007,8,F,0,4,OK,None,None
2016-04-18,ETHOSCOPE_007,10,F,0,4,OK,None,None
2016-04-18,ETHOSCOPE_007,11,F,0,4,OK,None,None
2016-04-18,ETHOSCOPE_007,15,F,0,4,OK,None,None
2016-04-18,ETHOSCOPE_007,17,F,0,4,OK,None,None
2016-04-18,ETHOSCOPE_007,19,F,0,4,OK,None,None
2016-04-18,ETHOSCOPE_009,6,F,0,4,OK,None,None
2016-04-18,ETHOSCOPE_009,8,F,0,4,OK,None,None
2016-04-18,ETHOSCOPE_009,10,F,0,4,OK,None,None
2016-04-18,ETHOSCOPE_009,11,F,0,4,OK,None,None
2016-04-18,ETHOSCOPE_009,13,F,0,4,OK,None,None
2016-04-18,ETHOSCOPE_009,15,F,0,4,OK,None,None
2016-04-18,ETHOSCOPE_009,17,F,0,4,OK,None,None
2016-04-18,ETHOSCOPE_009,19,F,0,4,OK,None,None
2016-04-18,ETHOSCOPE_019,6,F,0,4,OK,None,None
2016-04-18,ETHOSCOPE_019,8,F,0,4,OK,None,None
2016-04-18,ETHOSCOPE_019,10,F,0,4,OK,None,None
2016-04-18,ETHOSCOPE_019,11,F,0,4,OK,None,None
2016-04-18,ETHOSCOPE_019,13,F,0,4,OK,None,None
2016-04-18,ETHOSCOPE_019,17,F,0,4,OK,None,None
2016-04-18,ETHOSCOPE_019,19,F,0,4,OK,None,None
2016-04-18,ETHOSCOPE_018,6,F,0,4,OK,None,None
2016-04-18,ETHOSCOPE_018,8,F,0,4,OK,None,None
2016-04-18,ETHOSCOPE_018,10,F,0,4,OK,None,None
2016-04-18,ETHOSCOPE_018,11,F,0,4,OK,None,None
2016-04-18,ETHOSCOPE_018,13,F,0,4,OK,None,None
2016-04-18,ETHOSCOPE_018,15,F,0,4,OK,None,None
2016-04-18,ETHOSCOPE_018,17,F,0,4,OK,None,None
2016-04-18,ETHOSCOPE_018,19,F,0,4,OK,None,None
2016-04-18,ETHOSCOPE_036,6,F,0,4,OK,None,None
2016-04-18,ETHOSCOPE_036,8,F,0,4,OK,None,None
2016-04-18,ETHOSCOPE_036,10,F,0,4,OK,None,None
2016-04-18,ETHOSCOPE_036,11,F,0,4,OK,None,None
2016-04-18,ETHOSCOPE_036,13,F,0,4,OK,None,None
2016-04-18,ETHOSCOPE_036,15,F,0,4,OK,None,None
2016-04-18,ETHOSCOPE_036,17,F,0,4,OK,None,None
2016-04-18,ETHOSCOPE_036,19,F,0,4,OK,None,None
2016-04-18,ETHOSCOPE_026,6,F,0,4,OK,None,None
2016-04-18,ETHOSCOPE_026,8,F,0,4,OK,None,None
2016-04-18,ETHOSCOPE_026,10,F,0,4,OK,None,None
2016-04-18,ETHOSCOPE_026,11,F,0,4,OK,None,None
2016-04-18,ETHOSCOPE_026,13,F,0,4,OK,None,None
2016-04-18,ETHOSCOPE_026,15,F,0,4,OK,None,None
2016-04-18,ETHOSCOPE_026,17,F,0,4,OK,None,None
2016-04-18,ETHOSCOPE_026,19,F,0,4,OK,None,None
2016-04-18,ETHOSCOPE_003,1,F,0,4,OK,None,None
2016-04-18,ETHOSCOPE_003,2,F,0,4,OK,None,None
2016-04-18,ETHOSCOPE_003,3,F,0,4,OK,None,None
2016-04-18,ETHOSCOPE_003,4,F,0,4,OK,None,None
2016-04-18,ETHOSCOPE_003,5,F,0,4,OK,None,None
2016-04-18,ETHOSCOPE_003,6,F,0,4,OK,None,None
2016-04-18,ETHOSCOPE_003,7,F,0,4,OK,None,None
2016-04-18,ETHOSCOPE_003,8,F,0,4,OK,None,None
2016-04-18,ETHOSCOPE_003,9,F,0,4,OK,None,None
2016-04-18,ETHOSCOPE_003,10,F,0,4,OK,None,None
2016-04-18,ETHOSCOPE_003,11,F,0,4,OK,None,None
2016-04-18,ETHOSCOPE_003,12,F,0,4,OK,None,None
2016-04-18,ETHOSCOPE_003,13,F,0,4,OK,None,None
2016-04-18,ETHOSCOPE_003,14,F,0,4,OK,None,None
2016-04-18,ETHOSCOPE_003,15,F,0,4,OK,None,None
2016-04-18,ETHOSCOPE_003,16,F,0,4,OK,None,None
2016-04-18,ETHOSCOPE_003,17,F,0,4,OK,None,None
2016-04-18,ETHOSCOPE_003,18,F,0,4,OK,None,None
2016-04-18,ETHOSCOPE_003,19,F,0,4,OK,None,None
2016-04-18,ETHOSCOPE_003,20,F,0,4,OK,None,None
2016-04-18,ETHOSCOPE_001,1,F,0,4,OK,None,None
2016-04-18,ETHOSCOPE_001,2,F,0,4,OK,None,None
2016-04-18,ETHOSCOPE_001,3,F,0,4,OK,None,None
2016-04-18,ETHOSCOPE_001,4,F,0,4,OK,None,None
2016-04-18,ETHOSCOPE_001,5,F,0,4,OK,None,None
2016-04-18,ETHOSCOPE_001,6,F,0,4,OK,None,None
2016-04-18,ETHOSCOPE_001,7,F,0,4,OK,None,None
2016-04-18,ETHOSCOPE_001,8,F,0,4,OK,None,None
2016-04-18,ETHOSCOPE_001,9,F,0,4,OK,None,None
2016-04-18,ETHOSCOPE_001,10,F,0,4,OK,None,None
2016-04-18,ETHOSCOPE_001,11,F,0,4,OK,None,None
2016-04-18,ETHOSCOPE_001,12,F,0,4,OK,None,None
2016-04-18,ETHOSCOPE_001,13,F,0,4,OK,None,None
2016-04-18,ETHOSCOPE_001,14,F,0,4,OK,None,None
2016-04-18,ETHOSCOPE_001,15,F,0,4,OK,None,None
2016-04-18,ETHOSCOPE_001,16,F,0,4,OK,None,None
2016-04-18,ETHOSCOPE_001,17,F,0,4,OK,None,None
2016-04-18,ETHOSCOPE_001,18,F,0,4,OK,None,None
2016-04-18,ETHOSCOPE_001,19,F,0,4,OK,None,None
2016-04-18,ETHOSCOPE_001,20,F,0,4,OK,None,None
2016-04-25,ETHOSCOPE_004,6,F,0,4,OK,None,None
2016-04-25,ETHOSCOPE_004,8,F,0,4,OK,None,None
2016-04-25,ETHOSCOPE_004,10,F,0,4,OK,None,None
2016-04-25,ETHOSCOPE_004,11,F,0,4,OK,None,None
2016-04-25,ETHOSCOPE_004,13,F,0,4,OK,None,None
2016-04-25,ETHOSCOPE_004,15,F,0,4,OK,None,None
2016-04-25,ETHOSCOPE_004,17,F,0,4,OK,None,None
2016-04-25,ETHOSCOPE_004,19,F,0,4,OK,None,None
2016-04-25,ETHOSCOPE_007,6,F,0,4,OK,None,None
2016-04-25,ETHOSCOPE_007,8,F,0,4,OK,None,None
2016-04-25,ETHOSCOPE_007,10,F,0,4,OK,None,None
2016-04-25,ETHOSCOPE_007,11,F,0,4,OK,None,None
2016-04-25,ETHOSCOPE_007,13,F,0,4,OK,None,None
2016-04-25,ETHOSCOPE_007,15,F,0,4,OK,None,None
2016-04-25,ETHOSCOPE_007,17,F,0,4,OK,None,None
2016-04-25,ETHOSCOPE_007,19,F,0,4,OK,None,None
2016-04-25,ETHOSCOPE_002,6,F,0,4,OK,None,None
2016-04-25,ETHOSCOPE_002,8,F,0,4,OK,None,None
2016-04-25,ETHOSCOPE_002,10,F,0,4,OK,None,None
2016-04-25,ETHOSCOPE_002,11,F,0,4,OK,None,None
2016-04-25,ETHOSCOPE_002,13,F,0,4,OK,None,None
2016-04-25,ETHOSCOPE_002,15,F,0,4,OK,None,None
2016-04-25,ETHOSCOPE_002,17,F,0,4,OK,None,None
2016-04-25,ETHOSCOPE_002,19,F,0,4,OK,None,None
2016-04-25,ETHOSCOPE_009,6,F,0,4,OK,None,None
2016-04-25,ETHOSCOPE_009,8,F,0,4,OK,None,None
2016-04-25,ETHOSCOPE_009,10,F,0,4,OK,None,None
2016-04-25,ETHOSCOPE_009,11,F,0,4,OK,None,None
2016-04-25,ETHOSCOPE_009,13,F,0,4,OK,None,None
2016-04-25,ETHOSCOPE_009,15,F,0,4,OK,None,None
2016-04-25,ETHOSCOPE_009,17,F,0,4,OK,None,None
2016-04-25,ETHOSCOPE_009,19,F,0,4,OK,None,None
2016-04-25,ETHOSCOPE_019,6,F,0,4,OK,None,None
2016-04-25,ETHOSCOPE_019,8,F,0,4,OK,None,None
2016-04-25,ETHOSCOPE_019,10,F,0,4,OK,None,None
2016-04-25,ETHOSCOPE_019,11,F,0,4,OK,None,None
2016-04-25,ETHOSCOPE_019,13,F,0,4,OK,None,None
2016-04-25,ETHOSCOPE_019,15,F,0,4,OK,None,None
2016-04-25,ETHOSCOPE_019,17,F,0,4,OK,None,None
2016-04-25,ETHOSCOPE_019,19,F,0,4,OK,None,None
2016-04-25,ETHOSCOPE_018,6,F,0,4,OK,None,None
2016-04-25,ETHOSCOPE_018,8,F,0,4,OK,None,None
2016-04-25,ETHOSCOPE_018,10,F,0,4,OK,None,None
2016-04-25,ETHOSCOPE_018,11,F,0,4,OK,None,None
2016-04-25,ETHOSCOPE_018,13,F,0,4,OK,None,None
2016-04-25,ETHOSCOPE_018,15,F,0,4,OK,None,None
2016-04-25,ETHOSCOPE_018,17,F,0,4,OK,None,None
2016-04-25,ETHOSCOPE_018,19,F,0,4,OK,None,None
2016-04-25,ETHOSCOPE_036,6,F,0,4,OK,None,None
2016-04-25,ETHOSCOPE_036,8,F,0,4,OK,None,None
2016-04-25,ETHOSCOPE_036,10,F,0,4,OK,None,None
2016-04-25,ETHOSCOPE_036,11,F,0,4,OK,None,None
2016-04-25,ETHOSCOPE_036,13,F,0,4,OK,None,None
2016-04-25,ETHOSCOPE_036,15,F,0,4,OK,None,None
2016-04-25,ETHOSCOPE_036,17,F,0,4,OK,None,None
2016-04-25,ETHOSCOPE_036,19,F,0,4,OK,None,None
2016-04-25,ETHOSCOPE_026,6,F,0,4,OK,None,None
2016-04-25,ETHOSCOPE_026,8,F,0,4,OK,None,None
2016-04-25,ETHOSCOPE_026,10,F,0,4,OK,None,None
2016-04-25,ETHOSCOPE_026,11,F,0,4,OK,None,None
2016-04-25,ETHOSCOPE_026,13,F,0,4,OK,None,None
2016-04-25,ETHOSCOPE_026,15,F,0,4,OK,None,None
2016-04-25,ETHOSCOPE_026,17,F,0,4,OK,None,None
2016-04-25,ETHOSCOPE_026,19,F,0,4,OK,None,None
2016-04-25,ETHOSCOPE_003,1,F,0,4,OK,None,None
2016-04-25,ETHOSCOPE_003,2,F,0,4,OK,None,None
2016-04-25,ETHOSCOPE_003,3,F,0,4,OK,None,None
2016-04-25,ETHOSCOPE_003,4,F,0,4,OK,None,None
2016-04-25,ETHOSCOPE_003,5,F,0,4,OK,None,None
2016-04-25,ETHOSCOPE_003,6,F,0,4,OK,None,None
2016-04-25,ETHOSCOPE_003,7,F,0,4,OK,None,None
2016-04-25,ETHOSCOPE_003,8,F,0,4,OK,None,None
2016-04-25,ETHOSCOPE_001,1,F,0,4,OK,None,None
2016-04-25,ETHOSCOPE_001,2,F,0,4,OK,None,None
2016-04-25,ETHOSCOPE_001,3,F,0,4,OK,None,None
2016-04-25,ETHOSCOPE_001,4,F,0,4,OK,None,None
2016-04-25,ETHOSCOPE_001,5,F,0,4,OK,None,None
2016-04-25,ETHOSCOPE_001,6,F,0,4,OK,None,None
2016-04-25,ETHOSCOPE_001,7,F,0,4,OK,None,None
2016-04-25,ETHOSCOPE_001,8,F,0,4,OK,None,None
2016-04-25,ETHOSCOPE_001,9,F,0,4,OK,None,None
2016-04-25,ETHOSCOPE_001,10,F,0,4,OK,None,None
2016-04-25,ETHOSCOPE_001,11,F,0,4,OK,None,None
2016-04-25,ETHOSCOPE_001,12,F,0,4,OK,None,None
2016-04-25,ETHOSCOPE_001,13,F,0,4,OK,None,None
2016-04-25,ETHOSCOPE_001,14,F,0,4,OK,None,None
2016-04-25,ETHOSCOPE_001,15,F,0,4,OK,None,None
2016-04-25,ETHOSCOPE_001,16,F,0,4,OK,None,None
2016-04-25,ETHOSCOPE_001,17,F,0,4,OK,None,None
2016-04-25,ETHOSCOPE_001,18,F,0,4,OK,None,None
2016-04-25,ETHOSCOPE_001,19,F,0,4,OK,None,None
2016-04-25,ETHOSCOPE_001,20,F,0,4,OK,None,None
2016-05-02,ETHOSCOPE_004,6,F,0,4,OK,None,None
2016-05-02,ETHOSCOPE_004,8,F,0,4,OK,None,None
2016-05-02,ETHOSCOPE_004,10,F,0,4,OK,None,None
2016-05-02,ETHOSCOPE_004,11,F,0,4,OK,None,None
2016-05-02,ETHOSCOPE_004,13,F,0,4,OK,None,None
2016-05-02,ETHOSCOPE_004,15,F,0,4,OK,None,None
2016-05-02,ETHOSCOPE_004,17,F,0,4,OK,None,None
2016-05-02,ETHOSCOPE_004,19,F,0,4,OK,None,None
2016-05-02,ETHOSCOPE_002,6,F,0,4,OK,None,None
2016-05-02,ETHOSCOPE_002,8,F,0,4,OK,None,None
2016-05-02,ETHOSCOPE_002,10,F,0,4,OK,None,None
2016-05-02,ETHOSCOPE_002,11,F,0,4,OK,None,None
2016-05-02,ETHOSCOPE_002,13,F,0,4,OK,None,None
2016-05-02,ETHOSCOPE_002,15,F,0,4,OK,None,None
2016-05-02,ETHOSCOPE_002,17,F,0,4,OK,None,None
2016-05-02,ETHOSCOPE_002,19,F,0,4,OK,None,None
2016-05-02,ETHOSCOPE_019,6,F,0,4,OK,None,None
2016-05-02,ETHOSCOPE_019,8,F,0,4,OK,None,None
2016-05-02,ETHOSCOPE_019,10,F,0,4,OK,None,None
2016-05-02,ETHOSCOPE_019,11,F,0,4,OK,None,None
2016-05-02,ETHOSCOPE_019,13,F,0,4,OK,None,None
2016-05-02,ETHOSCOPE_019,15,F,0,4,OK,None,None
2016-05-02,ETHOSCOPE_019,17,F,0,4,OK,None,None
2016-05-02,ETHOSCOPE_019,19,F,0,4,OK,None,None
2016-05-02,ETHOSCOPE_018,6,F,0,4,OK,None,None
2016-05-02,ETHOSCOPE_018,8,F,0,4,OK,None,None
2016-05-02,ETHOSCOPE_018,10,F,0,4,OK,None,None
2016-05-02,ETHOSCOPE_018,11,F,0,4,OK,None,None
2016-05-02,ETHOSCOPE_018,13,F,0,4,OK,None,None
2016-05-02,ETHOSCOPE_018,15,F,0,4,OK,None,None
2016-05-02,ETHOSCOPE_018,17,F,0,4,OK,None,None
2016-05-02,ETHOSCOPE_018,19,F,0,4,OK,None,None
2016-05-02,ETHOSCOPE_049,1,F,0,4,OK,None,None
2016-05-02,ETHOSCOPE_049,2,F,0,4,OK,None,None
2016-05-02,ETHOSCOPE_049,3,F,0,4,OK,None,None
2016-05-02,ETHOSCOPE_049,4,F,0,4,OK,None,None
2016-05-02,ETHOSCOPE_049,5,F,0,4,OK,None,None
2016-05-02,ETHOSCOPE_049,6,F,0,4,OK,None,None
2016-05-02,ETHOSCOPE_049,7,F,0,4,OK,None,None
2016-05-02,ETHOSCOPE_049,8,F,0,4,OK,None,None
2016-05-09,ETHOSCOPE_006,6,F,0,4,OK,None,None
2016-05-09,ETHOSCOPE_006,8,F,0,4,OK,None,None
2016-05-09,ETHOSCOPE_006,10,F,0,4,OK,None,None
2016-05-09,ETHOSCOPE_006,11,F,0,4,OK,None,None
2016-05-09,ETHOSCOPE_006,13,F,0,4,OK,None,None
2016-05-09,ETHOSCOPE_006,15,F,0,4,OK,None,None
2016-05-09,ETHOSCOPE_006,17,F,0,4,OK,None,None
2016-05-09,ETHOSCOPE_006,19,F,0,4,OK,None,None
2016-05-09,ETHOSCOPE_007,13,F,0,4,OK,None,None
2016-05-09,ETHOSCOPE_007,15,F,0,4,OK,None,None
2016-05-09,ETHOSCOPE_007,19,F,0,4,OK,None,None
2016-05-09,ETHOSCOPE_005,11,F,0,4,OK,None,None
2016-05-09,ETHOSCOPE_005,13,F,0,4,OK,None,None
2016-05-09,ETHOSCOPE_005,15,F,0,4,OK,None,None
2016-05-09,ETHOSCOPE_005,17,F,0,4,OK,None,None
2016-05-09,ETHOSCOPE_005,19,F,0,4,OK,None,None
2016-05-09,ETHOSCOPE_002,6,F,0,4,OK,None,None
2016-05-09,ETHOSCOPE_002,8,F,0,4,OK,None,None
2016-05-09,ETHOSCOPE_002,10,F,0,4,OK,None,None
2016-05-09,ETHOSCOPE_002,11,F,0,4,OK,None,None
2016-05-09,ETHOSCOPE_002,13,F,0,4,OK,None,None
2016-05-09,ETHOSCOPE_002,15,F,0,4,OK,None,None
2016-05-09,ETHOSCOPE_002,17,F,0,4,OK,None,None
2016-05-09,ETHOSCOPE_002,19,F,0,4,OK,None,None
2016-05-09,ETHOSCOPE_036,6,F,0,4,OK,None,None
2016-05-09,ETHOSCOPE_036,8,F,0,4,OK,None,None
2016-05-09,ETHOSCOPE_036,10,F,0,4,OK,None,None
2016-05-09,ETHOSCOPE_036,11,F,0,4,OK,None,None
2016-05-09,ETHOSCOPE_036,13,F,0,4,OK,None,None
2016-05-09,ETHOSCOPE_036,15,F,0,4,OK,None,None
2016-05-09,ETHOSCOPE_036,17,F,0,4,OK,None,None
2016-05-09,ETHOSCOPE_036,19,F,0,4,OK,None,None
2016-05-09,ETHOSCOPE_044,6,F,0,4,OK,None,None
2016-05-09,ETHOSCOPE_044,8,F,0,4,OK,None,None
2016-05-09,ETHOSCOPE_044,10,F,0,4,OK,None,None
2016-05-09,ETHOSCOPE_044,11,F,0,4,OK,None,None
2016-05-09,ETHOSCOPE_044,13,F,0,4,OK,None,None
2016-05-09,ETHOSCOPE_044,15,F,0,4,OK,None,None
2016-05-09,ETHOSCOPE_044,17,F,0,4,OK,None,None
2016-05-09,ETHOSCOPE_044,19,F,0,4,OK,None,None
2016-05-09,ETHOSCOPE_009,6,F,0,4,OK,None,None
2016-05-09,ETHOSCOPE_009,8,F,0,4,OK,None,None
2016-05-09,ETHOSCOPE_009,10,F,0,4,OK,None,None
2016-05-09,ETHOSCOPE_009,11,F,0,4,OK,None,None
2016-05-09,ETHOSCOPE_009,13,F,0,4,OK,None,None
2016-05-09,ETHOSCOPE_009,15,F,0,4,OK,None,None
2016-05-09,ETHOSCOPE_009,17,F,0,4,OK,None,None
2016-05-09,ETHOSCOPE_009,19,F,0,4,OK,None,None
2016-05-09,ETHOSCOPE_020,6,F,0,4,OK,None,None
2016-05-09,ETHOSCOPE_020,8,F,0,4,OK,None,None
2016-05-09,ETHOSCOPE_020,10,F,0,4,OK,None,None
2016-05-09,ETHOSCOPE_020,11,F,0,4,OK,None,None
2016-05-09,ETHOSCOPE_020,13,F,0,4,OK,None,None
2016-05-09,ETHOSCOPE_020,15,F,0,4,OK,None,None
2016-05-09,ETHOSCOPE_020,17,F,0,4,OK,None,None
2016-05-09,ETHOSCOPE_020,19,F,0,4,OK,None,None
2016-05-09,ETHOSCOPE_003,1,F,0,4,OK,None,None
2016-05-09,ETHOSCOPE_003,2,F,0,4,OK,None,None
2016-05-09,ETHOSCOPE_003,3,F,0,4,OK,None,None
2016-05-09,ETHOSCOPE_003,4,F,0,4,OK,None,None
2016-05-09,ETHOSCOPE_003,5,F,0,4,OK,None,None
2016-05-09,ETHOSCOPE_003,6,F,0,4,OK,None,None
2016-05-09,ETHOSCOPE_003,7,F,0,4,OK,None,None
2016-05-09,ETHOSCOPE_003,8,F,0,4,OK,None,None
2016-05-09,ETHOSCOPE_003,9,F,0,4,OK,None,None
2016-05-09,ETHOSCOPE_003,10,F,0,4,OK,None,None
2016-05-09,ETHOSCOPE_003,11,F,0,4,OK,None,None
2016-05-09,ETHOSCOPE_003,12,F,0,4,OK,None,None
2016-05-09,ETHOSCOPE_003,13,F,0,4,OK,None,None
2016-05-09,ETHOSCOPE_003,14,F,0,4,OK,None,None
2016-05-09,ETHOSCOPE_003,15,F,0,4,OK,None,None
2016-05-09,ETHOSCOPE_003,16,F,0,4,OK,None,None
2016-05-09,ETHOSCOPE_003,17,F,0,4,OK,None,None
2016-05-09,ETHOSCOPE_003,18,F,0,4,OK,None,None
2016-05-09,ETHOSCOPE_003,19,F,0,4,OK,None,None
2016-05-09,ETHOSCOPE_003,20,F,0,4,OK,None,None
2016-05-09,ETHOSCOPE_004,1,F,0,4,OK,None,None
2016-05-09,ETHOSCOPE_004,2,F,0,4,OK,None,None
2016-05-09,ETHOSCOPE_004,3,F,0,4,OK,None,None
2016-05-09,ETHOSCOPE_004,4,F,0,4,OK,None,None
2016-05-09,ETHOSCOPE_004,5,F,0,4,OK,None,None
2016-05-09,ETHOSCOPE_004,6,F,0,4,OK,None,None
2016-05-09,ETHOSCOPE_004,7,F,0,4,OK,None,None
2016-05-09,ETHOSCOPE_004,8,F,0,4,OK,None,None
2016-05-09,ETHOSCOPE_004,9,F,0,4,OK,None,None
2016-05-09,ETHOSCOPE_004,10,F,0,4,OK,None,None
2016-05-09,ETHOSCOPE_004,11,F,0,4,OK,None,None
2016-05-09,ETHOSCOPE_004,12,F,0,4,OK,None,None
2016-05-09,ETHOSCOPE_004,13,F,0,4,OK,None,None
2016-05-09,ETHOSCOPE_004,14,F,0,4,OK,None,None
2016-05-09,ETHOSCOPE_004,15,F,0,4,OK,None,None
2016-05-09,ETHOSCOPE_004,16,F,0,4,OK,None,None
2016-05-09,ETHOSCOPE_004,17,F,0,4,OK,None,None
2016-05-09,ETHOSCOPE_004,18,F,0,4,OK,None,None
2016-05-09,ETHOSCOPE_004,19,F,0,4,OK,None,None
2016-05-09,ETHOSCOPE_004,20,F,0,4,OK,None,None
2016-05-09,ETHOSCOPE_022,1,F,0,4,OK,None,None
2016-05-09,ETHOSCOPE_022,2,F,0,4,OK,None,None
2016-05-09,ETHOSCOPE_022,3,F,0,4,OK,None,None
2016-05-09,ETHOSCOPE_022,4,F,0,4,OK,None,None
2016-05-09,ETHOSCOPE_022,5,F,0,4,OK,None,None
2016-05-09,ETHOSCOPE_022,6,F,0,4,OK,None,None
2016-05-09,ETHOSCOPE_022,7,F,0,4,OK,None,None
2016-05-09,ETHOSCOPE_022,8,F,0,4,OK,None,None
2016-05-09,ETHOSCOPE_022,9,F,0,4,OK,None,None
2016-05-09,ETHOSCOPE_022,10,F,0,4,OK,None,None
2016-05-09,ETHOSCOPE_022,11,F,0,4,OK,None,None
2016-05-09,ETHOSCOPE_022,12,F,0,4,OK,None,None
2016-05-09,ETHOSCOPE_022,13,F,0,4,OK,None,None
2016-05-09,ETHOSCOPE_022,14,F,0,4,OK,None,None
2016-05-09,ETHOSCOPE_022,15,F,0,4,OK,None,None
2016-05-09,ETHOSCOPE_022,17,F,0,4,OK,None,None
2016-05-09,ETHOSCOPE_022,18,F,0,4,OK,None,None
2016-05-09,ETHOSCOPE_022,19,F,0,4,OK,None,None
2016-05-09,ETHOSCOPE_022,20,F,0,4,OK,None,None
2016-05-18,ETHOSCOPE_001,6,F,0,2,OK,None,None
2016-05-18,ETHOSCOPE_001,8,F,0,2,OK,None,None
2016-05-18,ETHOSCOPE_001,10,F,0,2,OK,None,None
2016-05-18,ETHOSCOPE_001,11,F,0,2,OK,None,None
2016-05-18,ETHOSCOPE_001,13,F,0,2,OK,None,None
2016-05-18,ETHOSCOPE_001,15,F,0,2,OK,None,None
2016-05-18,ETHOSCOPE_001,17,F,0,2,OK,None,None
2016-05-18,ETHOSCOPE_001,19,F,0,2,OK,None,None
2016-05-18,ETHOSCOPE_002,6,F,0,2,OK,None,None
2016-05-18,ETHOSCOPE_002,8,F,0,2,OK,None,None
2016-05-18,ETHOSCOPE_002,10,F,0,2,OK,None,None
2016-05-18,ETHOSCOPE_002,11,F,0,2,OK,None,None
2016-05-18,ETHOSCOPE_002,13,F,0,2,OK,None,None
2016-05-18,ETHOSCOPE_002,15,F,0,2,OK,None,None
2016-05-18,ETHOSCOPE_002,17,F,0,2,OK,None,None
2016-05-18,ETHOSCOPE_002,19,F,0,2,OK,None,None
2016-05-18,ETHOSCOPE_048,6,F,0,2,OK,None,None
2016-05-18,ETHOSCOPE_048,8,F,0,2,OK,None,None
2016-05-18,ETHOSCOPE_048,10,F,0,2,OK,None,None
2016-05-18,ETHOSCOPE_048,11,F,0,2,OK,None,None
2016-05-18,ETHOSCOPE_048,13,F,0,2,OK,None,None
2016-05-18,ETHOSCOPE_048,15,F,0,2,OK,None,None
2016-05-18,ETHOSCOPE_048,17,F,0,2,OK,None,None
2016-05-18,ETHOSCOPE_048,19,F,0,2,OK,None,None
2016-05-18,ETHOSCOPE_004,6,F,0,2,OK,None,None
2016-05-18,ETHOSCOPE_004,8,F,0,2,OK,None,None
2016-05-18,ETHOSCOPE_004,10,F,0,2,OK,None,None
2016-05-18,ETHOSCOPE_004,11,F,0,2,OK,None,None
2016-05-18,ETHOSCOPE_004,13,F,0,2,OK,None,None
2016-05-18,ETHOSCOPE_004,15,F,0,2,OK,None,None
2016-05-18,ETHOSCOPE_004,17,F,0,2,OK,None,None
2016-05-18,ETHOSCOPE_004,19,F,0,2,OK,None,None
2016-05-18,ETHOSCOPE_006,6,F,0,2,OK,None,None
2016-05-18,ETHOSCOPE_006,8,F,0,2,OK,None,None
2016-05-18,ETHOSCOPE_006,10,F,0,2,OK,None,None
2016-05-18,ETHOSCOPE_006,11,F,0,2,OK,None,None
2016-05-18,ETHOSCOPE_006,13,F,0,2,OK,None,None
2016-05-18,ETHOSCOPE_006,15,F,0,2,OK,None,None
2016-05-18,ETHOSCOPE_006,17,F,0,2,OK,None,None
2016-05-18,ETHOSCOPE_006,19,F,0,2,OK,None,None
2016-05-18,ETHOSCOPE_007,6,F,0,2,OK,None,None
2016-05-18,ETHOSCOPE_007,8,F,0,2,OK,None,None
2016-05-18,ETHOSCOPE_007,10,F,0,2,OK,None,None
2016-05-18,ETHOSCOPE_007,11,F,0,2,OK,None,None
2016-05-18,ETHOSCOPE_007,13,F,0,2,OK,None,None
2016-05-18,ETHOSCOPE_007,15,F,0,2,OK,None,None
2016-05-18,ETHOSCOPE_007,17,F,0,2,OK,None,None
2016-05-18,ETHOSCOPE_007,19,F,0,2,OK,None,None
2016-05-18,ETHOSCOPE_022,6,F,0,2,OK,None,None
2016-05-18,ETHOSCOPE_022,8,F,0,2,OK,None,None
2016-05-18,ETHOSCOPE_022,10,F,0,2,OK,None,None
2016-05-18,ETHOSCOPE_022,11,F,0,2,OK,None,None
2016-05-18,ETHOSCOPE_022,13,F,0,2,OK,None,None
2016-05-18,ETHOSCOPE_022,15,F,0,2,OK,None,None
2016-05-18,ETHOSCOPE_022,17,F,0,2,OK,None,None
2016-05-18,ETHOSCOPE_022,19,F,0,2,OK,None,None
2016-05-18,ETHOSCOPE_041,6,F,0,2,OK,None,None
2016-05-18,ETHOSCOPE_041,8,F,0,2,OK,None,None
2016-05-18,ETHOSCOPE_041,10,F,0,2,OK,None,None
2016-05-18,ETHOSCOPE_041,11,F,0,2,OK,None,None
2016-05-18,ETHOSCOPE_041,13,F,0,2,OK,None,None
2016-05-18,ETHOSCOPE_041,15,F,0,2,OK,None,None
2016-05-18,ETHOSCOPE_041,17,F,0,2,OK,None,None
2016-05-18,ETHOSCOPE_041,19,F,0,2,OK,None,None
2016-05-18,ETHOSCOPE_046,6,F,0,2,OK,None,None
2016-05-18,ETHOSCOPE_046,8,F,0,2,OK,None,None
2016-05-18,ETHOSCOPE_046,10,F,0,2,OK,None,None
2016-05-18,ETHOSCOPE_046,11,F,0,2,OK,None,None
2016-05-18,ETHOSCOPE_046,13,F,0,2,OK,None,None
2016-05-18,ETHOSCOPE_046,15,F,0,2,OK,None,None
2016-05-18,ETHOSCOPE_046,17,F,0,2,OK,None,None
2016-05-18,ETHOSCOPE_046,19,F,0,2,OK,None,None
2016-05-18,ETHOSCOPE_047,6,F,0,2,OK,None,None
2016-05-18,ETHOSCOPE_047,8,F,0,2,OK,None,None
2016-05-18,ETHOSCOPE_047,10,F,0,2,OK,None,None
2016-05-18,ETHOSCOPE_047,11,F,0,2,OK,None,None
2016-05-18,ETHOSCOPE_047,13,F,0,2,OK,None,None
2016-05-18,ETHOSCOPE_047,15,F,0,2,OK,None,None
2016-05-18,ETHOSCOPE_047,17,F,0,2,OK,None,None
2016-05-18,ETHOSCOPE_047,19,F,0,2,OK,None,None
2016-05-23,ETHOSCOPE_002,6,F,0,4,OK,None,None
2016-05-23,ETHOSCOPE_002,8,F,0,4,OK,None,None
2016-05-23,ETHOSCOPE_002,10,F,0,4,OK,None,None
2016-05-23,ETHOSCOPE_002,11,F,0,4,OK,None,None
2016-05-23,ETHOSCOPE_002,13,F,0,4,OK,None,None
2016-05-23,ETHOSCOPE_002,15,F,0,4,OK,None,None
2016-05-23,ETHOSCOPE_002,17,F,0,4,OK,None,None
2016-05-23,ETHOSCOPE_002,19,F,0,4,OK,None,None
2016-05-23,ETHOSCOPE_003,6,F,0,4,OK,None,None
2016-05-23,ETHOSCOPE_003,8,F,0,4,OK,None,None
2016-05-23,ETHOSCOPE_003,10,F,0,4,OK,None,None
2016-05-23,ETHOSCOPE_003,11,F,0,4,OK,None,None
2016-05-23,ETHOSCOPE_003,13,F,0,4,OK,None,None
2016-05-23,ETHOSCOPE_003,15,F,0,4,OK,None,None
2016-05-23,ETHOSCOPE_003,17,F,0,4,OK,None,None
2016-05-23,ETHOSCOPE_003,19,F,0,4,OK,None,None
2016-05-23,ETHOSCOPE_004,6,F,0,4,OK,None,None
2016-05-23,ETHOSCOPE_004,8,F,0,4,OK,None,None
2016-05-23,ETHOSCOPE_004,10,F,0,4,OK,None,None
2016-05-23,ETHOSCOPE_004,11,F,0,4,OK,None,None
2016-05-23,ETHOSCOPE_004,13,F,0,4,OK,None,None
2016-05-23,ETHOSCOPE_004,15,F,0,4,OK,None,None
2016-05-23,ETHOSCOPE_004,17,F,0,4,OK,None,None
2016-05-23,ETHOSCOPE_004,19,F,0,4,OK,None,None
2016-05-23,ETHOSCOPE_020,6,F,0,4,OK,None,None
2016-05-23,ETHOSCOPE_020,8,F,0,4,OK,None,None
2016-05-23,ETHOSCOPE_020,10,F,0,4,OK,None,None
2016-05-23,ETHOSCOPE_020,11,F,0,4,OK,None,None
2016-05-23,ETHOSCOPE_020,13,F,0,4,OK,None,None
2016-05-23,ETHOSCOPE_020,15,F,0,4,OK,None,None
2016-05-23,ETHOSCOPE_020,17,F,0,4,OK,None,None
2016-05-23,ETHOSCOPE_020,19,F,0,4,OK,None,None
2016-05-23,ETHOSCOPE_041,6,F,0,4,OK,None,None
2016-05-23,ETHOSCOPE_041,8,F,0,4,OK,None,None
2016-05-23,ETHOSCOPE_041,10,F,0,4,OK,None,None
2016-05-23,ETHOSCOPE_041,11,F,0,4,OK,None,None
2016-05-23,ETHOSCOPE_041,13,F,0,4,OK,None,None
2016-05-23,ETHOSCOPE_041,15,F,0,4,OK,None,None
2016-05-23,ETHOSCOPE_041,17,F,0,4,OK,None,None
2016-05-23,ETHOSCOPE_041,19,F,0,4,OK,None,None
2016-05-23,ETHOSCOPE_042,6,F,0,4,OK,None,None
2016-05-23,ETHOSCOPE_042,8,F,0,4,OK,None,None
2016-05-23,ETHOSCOPE_042,10,F,0,4,OK,None,None
2016-05-23,ETHOSCOPE_042,11,F,0,4,OK,None,None
2016-05-23,ETHOSCOPE_042,13,F,0,4,OK,None,None
2016-05-23,ETHOSCOPE_042,15,F,0,4,OK,None,None
2016-05-23,ETHOSCOPE_042,17,F,0,4,OK,None,None
2016-05-23,ETHOSCOPE_042,19,F,0,4,OK,None,None
2016-05-23,ETHOSCOPE_046,6,F,0,4,OK,None,None
2016-05-23,ETHOSCOPE_046,8,F,0,4,OK,None,None
2016-05-23,ETHOSCOPE_046,10,F,0,4,OK,None,None
2016-05-23,ETHOSCOPE_046,11,F,0,4,OK,None,None
2016-05-23,ETHOSCOPE_046,13,F,0,4,OK,None,None
2016-05-23,ETHOSCOPE_046,15,F,0,4,OK,None,None
2016-05-23,ETHOSCOPE_046,17,F,0,4,OK,None,None
2016-05-23,ETHOSCOPE_046,19,F,0,4,OK,None,None
2016-05-23,ETHOSCOPE_048,6,F,0,4,OK,None,None
2016-05-23,ETHOSCOPE_048,8,F,0,4,OK,None,None
2016-05-23,ETHOSCOPE_048,10,F,0,4,OK,None,None
2016-05-23,ETHOSCOPE_048,11,F,0,4,OK,None,None
2016-05-23,ETHOSCOPE_048,13,F,0,4,OK,None,None
2016-05-23,ETHOSCOPE_048,15,F,0,4,OK,None,None
2016-05-23,ETHOSCOPE_048,17,F,0,4,OK,None,None
2016-05-23,ETHOSCOPE_048,19,F,0,4,OK,None,None
2016-05-23,ETHOSCOPE_051,6,F,0,4,OK,None,None
2016-05-23,ETHOSCOPE_051,8,F,0,4,OK,None,None
2016-05-23,ETHOSCOPE_051,10,F,0,4,OK,None,None
2016-05-23,ETHOSCOPE_051,11,F,0,4,OK,None,None
2016-05-23,ETHOSCOPE_051,13,F,0,4,OK,None,None
2016-05-23,ETHOSCOPE_051,15,F,0,4,OK,None,None
2016-05-23,ETHOSCOPE_051,17,F,0,4,OK,None,None
2016-05-23,ETHOSCOPE_051,19,F,0,4,OK,None,None
2016-05-31,ETHOSCOPE_042,1,F,10,3,OK,None,None
2016-05-31,ETHOSCOPE_042,2,F,0,3,OK,None,None
2016-05-31,ETHOSCOPE_042,3,F,10,3,OK,None,None
2016-05-31,ETHOSCOPE_042,4,F,0,3,OK,None,None
2016-05-31,ETHOSCOPE_042,5,F,10,3,OK,None,None
2016-05-31,ETHOSCOPE_042,6,F,0,3,OK,None,None
2016-05-31,ETHOSCOPE_042,8,F,0,3,OK,None,None
2016-05-31,ETHOSCOPE_042,9,F,10,3,OK,None,None
2016-05-31,ETHOSCOPE_042,10,F,0,3,OK,None,None
2016-05-31,ETHOSCOPE_042,11,F,0,3,OK,None,None
2016-05-31,ETHOSCOPE_042,12,F,10,3,OK,None,None
2016-05-31,ETHOSCOPE_042,13,F,0,3,OK,None,None
2016-05-31,ETHOSCOPE_042,15,F,0,3,OK,None,None
2016-05-31,ETHOSCOPE_042,16,F,10,3,OK,None,None
2016-05-31,ETHOSCOPE_042,17,F,0,3,OK,None,None
2016-05-31,ETHOSCOPE_042,18,F,10,3,OK,None,None
2016-05-31,ETHOSCOPE_042,19,F,0,3,OK,None,None
2016-05-31,ETHOSCOPE_042,20,F,10,3,OK,None,None
2016-05-31,ETHOSCOPE_022,1,F,10,3,OK,None,None
2016-05-31,ETHOSCOPE_022,2,F,0,3,OK,None,None
2016-05-31,ETHOSCOPE_022,3,F,10,3,OK,None,None
2016-05-31,ETHOSCOPE_022,4,F,0,3,OK,None,None
2016-05-31,ETHOSCOPE_022,5,F,10,3,OK,None,None
2016-05-31,ETHOSCOPE_022,6,F,0,3,OK,None,None
2016-05-31,ETHOSCOPE_022,7,F,10,3,OK,None,None
2016-05-31,ETHOSCOPE_022,8,F,0,3,OK,None,None
2016-05-31,ETHOSCOPE_022,10,F,0,3,OK,None,None
2016-05-31,ETHOSCOPE_022,11,F,0,3,OK,None,None
2016-05-31,ETHOSCOPE_022,12,F,10,3,OK,None,None
2016-05-31,ETHOSCOPE_022,13,F,0,3,OK,None,None
2016-05-31,ETHOSCOPE_022,14,F,10,3,OK,None,None
2016-05-31,ETHOSCOPE_022,15,F,0,3,OK,None,None
2016-05-31,ETHOSCOPE_022,16,F,10,3,OK,None,None
2016-05-31,ETHOSCOPE_022,17,F,0,3,OK,None,None
2016-05-31,ETHOSCOPE_022,18,F,10,3,OK,None,None
2016-05-31,ETHOSCOPE_022,19,F,0,3,OK,None,None
2016-05-31,ETHOSCOPE_022,20,F,10,3,OK,None,None
2016-05-31,ETHOSCOPE_041,1,F,10,3,OK,None,None
2016-05-31,ETHOSCOPE_041,2,F,0,3,OK,None,None
2016-05-31,ETHOSCOPE_041,4,F,0,3,OK,None,None
2016-05-31,ETHOSCOPE_041,5,F,10,3,OK,None,None
2016-05-31,ETHOSCOPE_041,6,F,0,3,OK,None,None
2016-05-31,ETHOSCOPE_041,7,F,10,3,OK,None,None
2016-05-31,ETHOSCOPE_041,8,F,0,3,OK,None,None
2016-05-31,ETHOSCOPE_041,9,F,10,3,OK,None,None
2016-05-31,ETHOSCOPE_041,10,F,0,3,OK,None,None
2016-05-31,ETHOSCOPE_041,11,F,0,3,OK,None,None
2016-05-31,ETHOSCOPE_041,12,F,10,3,OK,None,None
2016-05-31,ETHOSCOPE_041,13,F,0,3,OK,None,None
2016-05-31,ETHOSCOPE_041,14,F,10,3,OK,None,None
2016-05-31,ETHOSCOPE_041,15,F,0,3,OK,None,None
2016-05-31,ETHOSCOPE_041,16,F,10,3,OK,None,None
2016-05-31,ETHOSCOPE_041,17,F,0,3,OK,None,None
2016-05-31,ETHOSCOPE_041,19,F,0,3,OK,None,None
2016-05-31,ETHOSCOPE_041,20,F,10,3,OK,None,None
2016-05-31,ETHOSCOPE_056,1,F,10,3,OK,None,None
2016-05-31,ETHOSCOPE_056,2,F,0,3,OK,None,None
2016-05-31,ETHOSCOPE_056,4,F,0,3,OK,None,None
2016-05-31,ETHOSCOPE_056,5,F,10,3,OK,None,None
2016-05-31,ETHOSCOPE_056,6,F,0,3,OK,None,None
2016-05-31,ETHOSCOPE_056,7,F,10,3,OK,None,None
2016-05-31,ETHOSCOPE_056,8,F,0,3,OK,None,None
2016-05-31,ETHOSCOPE_056,9,F,10,3,OK,None,None
2016-05-31,ETHOSCOPE_056,10,F,0,3,OK,None,None
2016-05-31,ETHOSCOPE_056,11,F,0,3,OK,None,None
2016-05-31,ETHOSCOPE_056,12,F,10,3,OK,None,None
2016-05-31,ETHOSCOPE_056,13,F,0,3,OK,None,None
2016-05-31,ETHOSCOPE_056,14,F,10,3,OK,None,None
2016-05-31,ETHOSCOPE_056,15,F,0,3,OK,None,None
2016-05-31,ETHOSCOPE_056,17,F,0,3,OK,None,None
2016-05-31,ETHOSCOPE_056,18,F,10,3,OK,None,None
2016-05-31,ETHOSCOPE_056,19,F,0,3,OK,None,None
2016-05-31,ETHOSCOPE_056,20,F,10,3,OK,None,None
2016-05-31,ETHOSCOPE_036,1,F,10,3,OK,None,None
2016-05-31,ETHOSCOPE_036,2,F,0,3,OK,None,None
2016-05-31,ETHOSCOPE_036,3,F,10,3,OK,None,None
2016-05-31,ETHOSCOPE_036,4,F,0,3,OK,None,None
2016-05-31,ETHOSCOPE_036,5,F,10,3,OK,None,None
2016-05-31,ETHOSCOPE_036,6,F,0,3,OK,None,None
2016-05-31,ETHOSCOPE_036,7,F,10,3,OK,None,None
2016-05-31,ETHOSCOPE_036,8,F,0,3,OK,None,None
2016-05-31,ETHOSCOPE_036,9,F,10,3,OK,None,None
2016-05-31,ETHOSCOPE_036,10,F,0,3,OK,None,None
2016-05-31,ETHOSCOPE_036,11,F,0,3,OK,None,None
2016-05-31,ETHOSCOPE_036,12,F,10,3,OK,None,None
2016-05-31,ETHOSCOPE_036,13,F,0,3,OK,None,None
2016-05-31,ETHOSCOPE_036,14,F,10,3,OK,None,None
2016-05-31,ETHOSCOPE_036,15,F,0,3,OK,None,None
2016-05-31,ETHOSCOPE_036,16,F,10,3,OK,None,None
2016-05-31,ETHOSCOPE_036,17,F,0,3,OK,None,None
2016-05-31,ETHOSCOPE_036,18,F,10,3,OK,None,None
2016-05-31,ETHOSCOPE_036,19,F,0,3,OK,None,None
2016-05-31,ETHOSCOPE_048,1,F,10,3,OK,None,None
2016-05-31,ETHOSCOPE_048,2,F,0,3,OK,None,None
2016-05-31,ETHOSCOPE_048,3,F,10,3,OK,None,None
2016-05-31,ETHOSCOPE_048,4,F,0,3,OK,None,None
2016-05-31,ETHOSCOPE_048,5,F,10,3,OK,None,None
2016-05-31,ETHOSCOPE_048,6,F,0,3,OK,None,None
2016-05-31,ETHOSCOPE_048,7,F,10,3,OK,None,None
2016-05-31,ETHOSCOPE_048,8,F,0,3,OK,None,None
2016-05-31,ETHOSCOPE_048,9,F,10,3,OK,None,None
2016-05-31,ETHOSCOPE_048,10,F,0,3,OK,None,None
2016-05-31,ETHOSCOPE_048,11,F,0,3,OK,None,None
2016-05-31,ETHOSCOPE_048,12,F,10,3,OK,None,None
2016-05-31,ETHOSCOPE_048,13,F,0,3,OK,None,None
2016-05-31,ETHOSCOPE_048,14,F,10,3,OK,None,None
2016-05-31,ETHOSCOPE_048,15,F,0,3,OK,None,None
2016-05-31,ETHOSCOPE_048,16,F,10,3,OK,None,None
2016-05-31,ETHOSCOPE_048,17,F,0,3,OK,None,None
2016-05-31,ETHOSCOPE_048,18,F,10,3,OK,None,None
2016-05-31,ETHOSCOPE_048,19,F,0,3,OK,None,None
2016-05-31,ETHOSCOPE_048,20,F,10,3,OK,None,None
2016-07-08,ETHOSCOPE_001,1,F,10,4,OK,None,None
2016-07-08,ETHOSCOPE_001,2,F,0,4,OK,None,None
2016-07-08,ETHOSCOPE_001,3,F,10,4,OK,None,None
2016-07-08,ETHOSCOPE_001,4,F,0,4,OK,None,None
2016-07-08,ETHOSCOPE_001,5,F,10,4,OK,None,None
2016-07-08,ETHOSCOPE_001,6,F,0,4,OK,None,None
2016-07-08,ETHOSCOPE_001,7,F,10,4,OK,None,None
2016-07-08,ETHOSCOPE_001,8,F,0,4,OK,None,None
2016-07-08,ETHOSCOPE_001,10,F,0,4,OK,None,None
2016-07-08,ETHOSCOPE_001,11,F,0,4,OK,None,None
2016-07-08,ETHOSCOPE_001,12,F,10,4,OK,None,None
2016-07-08,ETHOSCOPE_001,13,F,0,4,OK,None,None
2016-07-08,ETHOSCOPE_001,14,F,10,4,OK,None,None
2016-07-08,ETHOSCOPE_001,15,F,0,4,OK,None,None
2016-07-08,ETHOSCOPE_001,16,F,10,4,OK,None,None
2016-07-08,ETHOSCOPE_001,17,F,0,4,OK,None,None
2016-07-08,ETHOSCOPE_001,18,F,10,4,OK,None,None
2016-07-08,ETHOSCOPE_001,19,F,0,4,OK,None,None
2016-07-08,ETHOSCOPE_001,20,F,10,4,OK,None,None
2016-07-08,ETHOSCOPE_002,1,F,10,4,OK,None,None
2016-07-08,ETHOSCOPE_002,2,F,0,4,OK,None,None
2016-07-08,ETHOSCOPE_002,3,F,10,4,OK,None,None
2016-07-08,ETHOSCOPE_002,4,F,0,4,OK,None,None
2016-07-08,ETHOSCOPE_002,6,F,0,4,OK,None,None
2016-07-08,ETHOSCOPE_002,7,F,10,4,OK,None,None
2016-07-08,ETHOSCOPE_002,8,F,0,4,OK,None,None
2016-07-08,ETHOSCOPE_002,9,F,10,4,OK,None,None
2016-07-08,ETHOSCOPE_002,10,F,0,4,OK,None,None
2016-07-08,ETHOSCOPE_002,11,F,0,4,OK,None,None
2016-07-08,ETHOSCOPE_002,12,F,10,4,OK,None,None
2016-07-08,ETHOSCOPE_002,13,F,0,4,OK,None,None
2016-07-08,ETHOSCOPE_002,14,F,10,4,OK,None,None
2016-07-08,ETHOSCOPE_002,15,F,0,4,OK,None,None
2016-07-08,ETHOSCOPE_002,17,F,0,4,OK,None,None
2016-07-08,ETHOSCOPE_002,18,F,10,4,OK,None,None
2016-07-08,ETHOSCOPE_002,19,F,0,4,OK,None,None
2016-07-08,ETHOSCOPE_002,20,F,10,4,OK,None,None
2016-07-08,ETHOSCOPE_003,1,F,10,4,OK,None,None
2016-07-08,ETHOSCOPE_003,2,F,0,4,OK,None,None
2016-07-08,ETHOSCOPE_003,3,F,10,4,OK,None,None
2016-07-08,ETHOSCOPE_003,4,F,0,4,OK,None,None
2016-07-08,ETHOSCOPE_003,6,F,0,4,OK,None,None
2016-07-08,ETHOSCOPE_003,7,F,10,4,OK,None,None
2016-07-08,ETHOSCOPE_003,8,F,0,4,OK,None,None
2016-07-08,ETHOSCOPE_003,9,F,10,4,OK,None,None
2016-07-08,ETHOSCOPE_003,10,F,0,4,OK,None,None
2016-07-08,ETHOSCOPE_003,11,F,0,4,OK,None,None
2016-07-08,ETHOSCOPE_003,13,F,0,4,OK,None,None
2016-07-08,ETHOSCOPE_003,14,F,10,4,OK,None,None
2016-07-08,ETHOSCOPE_003,15,F,0,4,OK,None,None
2016-07-08,ETHOSCOPE_003,16,F,10,4,OK,None,None
2016-07-08,ETHOSCOPE_003,17,F,0,4,OK,None,None
2016-07-08,ETHOSCOPE_003,18,F,10,4,OK,None,None
2016-07-08,ETHOSCOPE_003,19,F,0,4,OK,None,None
2016-07-08,ETHOSCOPE_003,20,F,10,4,OK,None,None
2016-07-08,ETHOSCOPE_004,1,F,10,4,OK,None,None
2016-07-08,ETHOSCOPE_004,2,F,0,4,OK,None,None
2016-07-08,ETHOSCOPE_004,4,F,0,4,OK,None,None
2016-07-08,ETHOSCOPE_004,5,F,10,4,OK,None,None
2016-07-08,ETHOSCOPE_004,6,F,0,4,OK,None,None
2016-07-08,ETHOSCOPE_004,7,F,10,4,OK,None,None
2016-07-08,ETHOSCOPE_004,8,F,0,4,OK,None,None
2016-07-08,ETHOSCOPE_004,9,F,10,4,OK,None,None
2016-07-08,ETHOSCOPE_004,10,F,0,4,OK,None,None
2016-07-08,ETHOSCOPE_004,11,F,0,4,OK,None,None
2016-07-08,ETHOSCOPE_004,12,F,10,4,OK,None,None
2016-07-08,ETHOSCOPE_004,13,F,0,4,OK,None,None
2016-07-08,ETHOSCOPE_004,14,F,10,4,OK,None,None
2016-07-08,ETHOSCOPE_004,15,F,0,4,OK,None,None
2016-07-08,ETHOSCOPE_004,16,F,10,4,OK,None,None
2016-07-08,ETHOSCOPE_004,17,F,0,4,OK,None,None
2016-07-08,ETHOSCOPE_004,18,F,10,4,OK,None,None
2016-07-08,ETHOSCOPE_004,19,F,0,4,OK,None,None
2016-07-08,ETHOSCOPE_004,20,F,10,4,OK,None,None
2016-07-08,ETHOSCOPE_005,2,F,0,4,OK,None,None
2016-07-08,ETHOSCOPE_005,3,F,10,4,OK,None,None
2016-07-08,ETHOSCOPE_005,4,F,0,4,OK,None,None
2016-07-08,ETHOSCOPE_005,5,F,10,4,OK,None,None
2016-07-08,ETHOSCOPE_005,6,F,0,4,OK,None,None
2016-07-08,ETHOSCOPE_005,8,F,0,4,OK,None,None
2016-07-08,ETHOSCOPE_005,9,F,10,4,OK,None,None
2016-07-08,ETHOSCOPE_005,10,F,0,4,OK,None,None
2016-07-08,ETHOSCOPE_005,11,F,0,4,OK,None,None
2016-07-08,ETHOSCOPE_005,12,F,10,4,OK,None,None
2016-07-08,ETHOSCOPE_005,13,F,0,4,OK,None,None
2016-07-08,ETHOSCOPE_005,14,F,10,4,OK,None,None
2016-07-08,ETHOSCOPE_005,15,F,0,4,OK,None,None
2016-07-08,ETHOSCOPE_005,16,F,10,4,OK,None,None
2016-07-08,ETHOSCOPE_005,17,F,0,4,OK,None,None
2016-07-08,ETHOSCOPE_005,18,F,10,4,OK,None,None
2016-07-08,ETHOSCOPE_005,19,F,0,4,OK,None,None
2016-07-08,ETHOSCOPE_005,20,F,10,4,OK,None,None
2016-08-09,ETHOSCOPE_048,1,F,10,4,OK,None,None
2016-08-09,ETHOSCOPE_048,2,F,0,4,OK,None,None
2016-08-09,ETHOSCOPE_048,3,F,10,4,OK,None,None
2016-08-09,ETHOSCOPE_048,4,F,0,4,OK,None,None
2016-08-09,ETHOSCOPE_048,5,F,10,4,OK,None,None
2016-08-09,ETHOSCOPE_048,6,F,0,4,OK,None,None
2016-08-09,ETHOSCOPE_048,7,F,10,4,OK,None,None
2016-08-09,ETHOSCOPE_048,8,F,0,4,OK,None,None
2016-08-09,ETHOSCOPE_048,9,F,10,4,OK,None,None
2016-08-09,ETHOSCOPE_048,10,F,0,4,OK,None,None
2016-08-09,ETHOSCOPE_048,11,F,0,4,OK,None,None
2016-08-09,ETHOSCOPE_048,12,F,10,4,OK,None,None
2016-08-09,ETHOSCOPE_048,13,F,0,4,OK,None,None
2016-08-09,ETHOSCOPE_048,14,F,10,4,OK,None,None
2016-08-09,ETHOSCOPE_048,15,F,0,4,OK,None,None
2016-08-09,ETHOSCOPE_048,16,F,10,4,OK,None,None
2016-08-09,ETHOSCOPE_048,17,F,0,4,OK,None,None
2016-08-09,ETHOSCOPE_048,18,F,10,4,OK,None,None
2016-08-09,ETHOSCOPE_048,19,F,0,4,OK,None,None
2016-08-09,ETHOSCOPE_048,20,F,10,4,OK,None,None
2016-08-09,ETHOSCOPE_028,1,F,10,4,OK,None,None
2016-08-09,ETHOSCOPE_028,2,F,0,4,OK,None,None
2016-08-09,ETHOSCOPE_028,3,F,10,4,OK,None,None
2016-08-09,ETHOSCOPE_028,4,F,0,4,OK,None,None
2016-08-09,ETHOSCOPE_028,5,F,10,4,OK,None,None
2016-08-09,ETHOSCOPE_028,6,F,0,4,OK,None,None
2016-08-09,ETHOSCOPE_028,7,F,10,4,OK,None,None
2016-08-09,ETHOSCOPE_028,8,F,0,4,OK,None,None
2016-08-09,ETHOSCOPE_028,9,F,10,4,OK,None,None
2016-08-09,ETHOSCOPE_028,10,F,0,4,OK,None,None
2016-08-09,ETHOSCOPE_028,11,F,0,4,OK,None,None
2016-08-09,ETHOSCOPE_028,12,F,10,4,OK,None,None
2016-08-09,ETHOSCOPE_028,13,F,0,4,OK,None,None
2016-08-09,ETHOSCOPE_028,14,F,10,4,OK,None,None
2016-08-09,ETHOSCOPE_028,15,F,0,4,OK,None,None
2016-08-09,ETHOSCOPE_028,16,F,10,4,OK,None,None
2016-08-09,ETHOSCOPE_028,17,F,0,4,OK,None,None
2016-08-09,ETHOSCOPE_028,18,F,10,4,OK,None,None
2016-08-09,ETHOSCOPE_028,19,F,0,4,OK,None,None
2016-08-09,ETHOSCOPE_028,20,F,10,4,OK,None,None
2016-08-09,ETHOSCOPE_056,1,F,10,4,OK,None,None
2016-08-09,ETHOSCOPE_056,2,F,0,4,OK,None,None
2016-08-09,ETHOSCOPE_056,3,F,10,4,OK,None,None
2016-08-09,ETHOSCOPE_056,4,F,0,4,OK,None,None
2016-08-09,ETHOSCOPE_056,5,F,10,4,OK,None,None
2016-08-09,ETHOSCOPE_056,6,F,0,4,OK,None,None
2016-08-09,ETHOSCOPE_056,7,F,10,4,OK,None,None
2016-08-09,ETHOSCOPE_056,8,F,0,4,OK,None,None
2016-08-09,ETHOSCOPE_056,9,F,10,4,OK,None,None
2016-08-09,ETHOSCOPE_056,10,F,0,4,OK,None,None
2016-08-09,ETHOSCOPE_056,11,F,0,4,OK,None,None
2016-08-09,ETHOSCOPE_056,12,F,10,4,OK,None,None
2016-08-09,ETHOSCOPE_056,13,F,0,4,OK,None,None
2016-08-09,ETHOSCOPE_056,14,F,10,4,OK,None,None
2016-08-09,ETHOSCOPE_056,15,F,0,4,OK,None,None
2016-08-09,ETHOSCOPE_056,16,F,10,4,OK,None,None
2016-08-09,ETHOSCOPE_056,17,F,0,4,OK,None,None
2016-08-09,ETHOSCOPE_056,18,F,10,4,OK,None,None
2016-08-09,ETHOSCOPE_056,19,F,0,4,OK,None,None
2016-08-09,ETHOSCOPE_056,20,F,10,4,OK,None,None
2016-09-27,ETHOSCOPE_013,1,F,10,4,OK,None,None
2016-09-27,ETHOSCOPE_013,2,F,0,4,OK,None,None
2016-09-27,ETHOSCOPE_013,3,F,9,4,OK,None,None
2016-09-27,ETHOSCOPE_013,4,F,0,4,OK,None,None
2016-09-27,ETHOSCOPE_013,5,F,8,4,OK,None,None
2016-09-27,ETHOSCOPE_013,6,F,0,4,OK,None,None
2016-09-27,ETHOSCOPE_013,9,F,6,4,OK,None,None
2016-09-27,ETHOSCOPE_013,12,F,5,4,OK,None,None
2016-09-27,ETHOSCOPE_013,14,F,4,4,OK,None,None
2016-09-27,ETHOSCOPE_013,16,F,3,4,OK,None,None
2016-09-27,ETHOSCOPE_013,18,F,2,4,OK,None,None
2016-09-27,ETHOSCOPE_013,20,F,1,4,OK,None,None
2016-09-27,ETHOSCOPE_011,1,F,10,4,OK,None,None
2016-09-27,ETHOSCOPE_011,2,F,0,4,OK,None,None
2016-09-27,ETHOSCOPE_011,3,F,9,4,OK,None,None
2016-09-27,ETHOSCOPE_011,4,F,0,4,OK,None,None
2016-09-27,ETHOSCOPE_011,5,F,8,4,OK,None,None
2016-09-27,ETHOSCOPE_011,6,F,0,4,OK,None,None
2016-09-27,ETHOSCOPE_011,7,F,7,4,OK,None,None
2016-09-27,ETHOSCOPE_011,9,F,6,4,OK,None,None
2016-09-27,ETHOSCOPE_011,12,F,5,4,OK,None,None
2016-09-27,ETHOSCOPE_011,14,F,4,4,OK,None,None
2016-09-27,ETHOSCOPE_011,16,F,3,4,OK,None,None
2016-09-27,ETHOSCOPE_011,18,F,2,4,OK,None,None
2016-09-27,ETHOSCOPE_011,20,F,1,4,OK,None,None
2016-09-27,ETHOSCOPE_007,1,F,10,4,OK,None,None
2016-09-27,ETHOSCOPE_007,2,F,0,4,OK,None,None
2016-09-27,ETHOSCOPE_007,3,F,9,4,OK,None,None
2016-09-27,ETHOSCOPE_007,4,F,0,4,OK,None,None
2016-09-27,ETHOSCOPE_007,5,F,8,4,OK,None,None
2016-09-27,ETHOSCOPE_007,6,F,0,4,OK,None,None
2016-09-27,ETHOSCOPE_007,7,F,7,4,OK,None,None
2016-09-27,ETHOSCOPE_007,9,F,6,4,OK,None,None
2016-09-27,ETHOSCOPE_007,12,F,5,4,OK,None,None
2016-09-27,ETHOSCOPE_007,14,F,4,4,OK,None,None
2016-09-27,ETHOSCOPE_007,16,F,3,4,OK,None,None
2016-09-27,ETHOSCOPE_007,18,F,2,4,OK,None,None
2016-09-27,ETHOSCOPE_007,20,F,1,4,OK,None,None
2016-09-27,ETHOSCOPE_008,1,F,10,4,OK,None,None
2016-09-27,ETHOSCOPE_008,2,F,0,4,OK,None,None
2016-09-27,ETHOSCOPE_008,4,F,0,4,OK,None,None
2016-09-27,ETHOSCOPE_008,5,F,8,4,OK,None,None
2016-09-27,ETHOSCOPE_008,6,F,0,4,OK,None,None
2016-09-27,ETHOSCOPE_008,7,F,7,4,OK,None,None
2016-09-27,ETHOSCOPE_008,9,F,6,4,OK,None,None
2016-09-27,ETHOSCOPE_008,12,F,5,4,OK,None,None
2016-09-27,ETHOSCOPE_008,16,F,3,4,OK,None,None
2016-09-27,ETHOSCOPE_008,18,F,2,4,OK,None,None
2016-09-27,ETHOSCOPE_008,20,F,1,4,OK,None,None
2016-09-27,ETHOSCOPE_009,1,F,10,4,OK,None,None
2016-09-27,ETHOSCOPE_009,2,F,0,4,OK,None,None
2016-09-27,ETHOSCOPE_009,3,F,9,4,OK,None,None
2016-09-27,ETHOSCOPE_009,4,F,0,4,OK,None,None
2016-09-27,ETHOSCOPE_009,5,F,8,4,OK,None,None
2016-09-27,ETHOSCOPE_009,6,F,0,4,OK,None,None
2016-09-27,ETHOSCOPE_009,7,F,7,4,OK,None,None
2016-09-27,ETHOSCOPE_009,9,F,6,4,OK,None,None
2016-09-27,ETHOSCOPE_009,12,F,5,4,OK,None,None
2016-09-27,ETHOSCOPE_009,14,F,4,4,OK,None,None
2016-09-27,ETHOSCOPE_009,16,F,3,4,OK,None,None
2016-09-27,ETHOSCOPE_009,18,F,2,4,OK,None,None
2016-09-27,ETHOSCOPE_009,20,F,1,4,OK,None,None
2016-09-27,ETHOSCOPE_034,1,F,10,4,OK,None,None
2016-09-27,ETHOSCOPE_034,2,F,0,4,OK,None,None
2016-09-27,ETHOSCOPE_034,3,F,9,4,OK,None,None
2016-09-27,ETHOSCOPE_034,4,F,0,4,OK,None,None
2016-09-27,ETHOSCOPE_034,5,F,8,4,OK,None,None
2016-09-27,ETHOSCOPE_034,6,F,0,4,OK,None,None
2016-09-27,ETHOSCOPE_034,7,F,7,4,OK,None,None
2016-09-27,ETHOSCOPE_034,9,F,6,4,OK,None,None
2016-09-27,ETHOSCOPE_034,12,F,5,4,OK,None,None
2016-09-27,ETHOSCOPE_034,14,F,4,4,OK,None,None
2016-09-27,ETHOSCOPE_034,16,F,3,4,OK,None,None
2016-09-27,ETHOSCOPE_034,18,F,2,4,OK,None,None
2016-09-27,ETHOSCOPE_034,20,F,1,4,OK,None,None
2016-09-27,ETHOSCOPE_041,1,F,10,4,OK,None,None
2016-09-27,ETHOSCOPE_041,2,F,0,4,OK,None,None
2016-09-27,ETHOSCOPE_041,3,F,9,4,OK,None,None
2016-09-27,ETHOSCOPE_041,4,F,0,4,OK,None,None
2016-09-27,ETHOSCOPE_041,5,F,8,4,OK,None,None
2016-09-27,ETHOSCOPE_041,6,F,0,4,OK,None,None
2016-09-27,ETHOSCOPE_041,7,F,7,4,OK,None,None
2016-09-27,ETHOSCOPE_041,9,F,6,4,OK,None,None
2016-09-27,ETHOSCOPE_041,12,F,5,4,OK,None,None
2016-09-27,ETHOSCOPE_041,14,F,4,4,OK,None,None
2016-09-27,ETHOSCOPE_041,16,F,3,4,OK,None,None
2016-09-27,ETHOSCOPE_041,18,F,2,4,OK,None,None
2016-09-27,ETHOSCOPE_041,20,F,1,4,OK,None,None
2016-09-27,ETHOSCOPE_052,1,F,10,4,OK,None,None
2016-09-27,ETHOSCOPE_052,2,F,0,4,OK,None,None
2016-09-27,ETHOSCOPE_052,3,F,9,4,OK,None,None
2016-09-27,ETHOSCOPE_052,4,F,0,4,OK,None,None
2016-09-27,ETHOSCOPE_052,5,F,8,4,OK,None,None
2016-09-27,ETHOSCOPE_052,6,F,0,4,OK,None,None
2016-09-27,ETHOSCOPE_052,7,F,7,4,OK,None,None
2016-09-27,ETHOSCOPE_052,9,F,6,4,OK,None,None
2016-09-27,ETHOSCOPE_052,12,F,5,4,OK,None,None
2016-09-27,ETHOSCOPE_052,14,F,4,4,OK,None,None
2016-09-27,ETHOSCOPE_052,16,F,3,4,OK,None,None
2016-09-27,ETHOSCOPE_052,18,F,2,4,OK,None,None
2016-09-27,ETHOSCOPE_052,20,F,1,4,OK,None,None
2016-09-27,ETHOSCOPE_053,1,F,10,4,OK,None,None
2016-09-27,ETHOSCOPE_053,2,F,0,4,OK,None,None
2016-09-27,ETHOSCOPE_053,3,F,9,4,OK,None,None
2016-09-27,ETHOSCOPE_053,4,F,0,4,OK,None,None
2016-09-27,ETHOSCOPE_053,5,F,8,4,OK,None,None
2016-09-27,ETHOSCOPE_053,6,F,0,4,OK,None,None
2016-09-27,ETHOSCOPE_053,7,F,7,4,OK,None,None
2016-09-27,ETHOSCOPE_053,9,F,6,4,OK,None,None
2016-09-27,ETHOSCOPE_053,12,F,5,4,OK,None,None
2016-09-27,ETHOSCOPE_053,14,F,4,4,OK,None,None
2016-09-27,ETHOSCOPE_053,16,F,3,4,OK,None,None
2016-09-27,ETHOSCOPE_053,18,F,2,4,OK,None,None
2016-09-27,ETHOSCOPE_053,20,F,1,4,OK,None,None
2016-09-27,ETHOSCOPE_046,1,F,10,4,OK,None,None
2016-09-27,ETHOSCOPE_046,2,F,0,4,OK,None,None
2016-09-27,ETHOSCOPE_046,3,F,9,4,OK,None,None
2016-09-27,ETHOSCOPE_046,4,F,0,4,OK,None,None
2016-09-27,ETHOSCOPE_046,5,F,8,4,OK,None,None
2016-09-27,ETHOSCOPE_046,6,F,0,4,OK,None,None
2016-09-27,ETHOSCOPE_046,7,F,7,4,OK,None,None
2016-09-27,ETHOSCOPE_046,9,F,6,4,OK,None,None
2016-09-27,ETHOSCOPE_046,12,F,5,4,OK,None,None
2016-09-27,ETHOSCOPE_046,14,F,4,4,OK,None,None
2016-09-27,ETHOSCOPE_046,16,F,3,4,OK,None,None
2016-09-27,ETHOSCOPE_046,18,F,2,4,OK,None,None
2016-09-27,ETHOSCOPE_046,20,F,1,4,OK,None,None
2016-09-27,ETHOSCOPE_057,1,F,10,4,OK,None,None
2016-09-27,ETHOSCOPE_057,2,F,0,4,OK,None,None
2016-09-27,ETHOSCOPE_057,3,F,9,4,OK,None,None
2016-09-27,ETHOSCOPE_057,4,F,0,4,OK,None,None
2016-09-27,ETHOSCOPE_057,5,F,8,4,OK,None,None
2016-09-27,ETHOSCOPE_057,6,F,0,4,OK,None,None
2016-09-27,ETHOSCOPE_057,7,F,7,4,OK,None,None
2016-09-27,ETHOSCOPE_057,9,F,6,4,OK,None,None
2016-09-27,ETHOSCOPE_057,12,F,5,4,OK,None,None
2016-09-27,ETHOSCOPE_057,14,F,4,4,OK,None,None
2016-09-27,ETHOSCOPE_057,16,F,3,4,OK,None,None
2016-09-27,ETHOSCOPE_057,18,F,2,4,OK,None,None
2016-09-27,ETHOSCOPE_057,20,F,1,4,OK,None,None
2016-09-27,ETHOSCOPE_058,1,F,10,4,OK,None,None
2016-09-27,ETHOSCOPE_058,2,F,0,4,OK,None,None
2016-09-27,ETHOSCOPE_058,3,F,9,4,OK,None,None
2016-09-27,ETHOSCOPE_058,4,F,0,4,OK,None,None
2016-09-27,ETHOSCOPE_058,5,F,8,4,OK,None,None
2016-09-27,ETHOSCOPE_058,6,F,0,4,OK,None,None
2016-09-27,ETHOSCOPE_058,7,F,7,4,OK,None,None
2016-09-27,ETHOSCOPE_058,9,F,6,4,OK,None,None
2016-09-27,ETHOSCOPE_058,12,F,5,4,OK,None,None
2016-09-27,ETHOSCOPE_058,14,F,4,4,OK,None,None
2016-09-27,ETHOSCOPE_058,16,F,3,4,OK,None,None
2016-09-27,ETHOSCOPE_058,18,F,2,4,OK,None,None
2016-09-27,ETHOSCOPE_058,20,F,1,4,OK,None,None
2016-09-27,ETHOSCOPE_026,1,F,10,4,OK,None,None
2016-09-27,ETHOSCOPE_026,2,F,0,4,OK,None,None
2016-09-27,ETHOSCOPE_026,3,F,9,4,OK,None,None
2016-09-27,ETHOSCOPE_026,4,F,0,4,OK,None,None
2016-09-27,ETHOSCOPE_026,5,F,8,4,OK,None,None
2016-09-27,ETHOSCOPE_026,6,F,0,4,OK,None,None
2016-09-27,ETHOSCOPE_026,7,F,7,4,OK,None,None
2016-09-27,ETHOSCOPE_026,9,F,6,4,OK,None,None
2016-09-27,ETHOSCOPE_026,12,F,5,4,OK,None,None
2016-09-27,ETHOSCOPE_026,14,F,4,4,OK,None,None
2016-09-27,ETHOSCOPE_026,16,F,3,4,OK,None,None
2016-09-27,ETHOSCOPE_026,18,F,2,4,OK,None,None
2016-09-27,ETHOSCOPE_026,20,F,1,4,OK,None,None
2016-09-27,ETHOSCOPE_027,1,F,10,4,OK,None,None
2016-09-27,ETHOSCOPE_027,2,F,0,4,OK,None,None
2016-09-27,ETHOSCOPE_027,3,F,9,4,OK,None,None
2016-09-27,ETHOSCOPE_027,4,F,0,4,OK,None,None
2016-09-27,ETHOSCOPE_027,5,F,8,4,OK,None,None
2016-09-27,ETHOSCOPE_027,6,F,0,4,OK,None,None
2016-09-27,ETHOSCOPE_027,7,F,7,4,OK,None,None
2016-09-27,ETHOSCOPE_027,9,F,6,4,OK,None,None
2016-09-27,ETHOSCOPE_027,12,F,5,4,OK,None,None
2016-09-27,ETHOSCOPE_027,14,F,4,4,OK,None,None
2016-09-27,ETHOSCOPE_027,16,F,3,4,OK,None,None
2016-09-27,ETHOSCOPE_027,18,F,2,4,OK,None,None
2016-09-27,ETHOSCOPE_027,20,F,1,4,OK,None,None
2016-09-27,ETHOSCOPE_028,1,F,10,4,OK,None,None
2016-09-27,ETHOSCOPE_028,2,F,0,4,OK,None,None
2016-09-27,ETHOSCOPE_028,3,F,9,4,OK,None,None
2016-09-27,ETHOSCOPE_028,4,F,0,4,OK,None,None
2016-09-27,ETHOSCOPE_028,5,F,8,4,OK,None,None
2016-09-27,ETHOSCOPE_028,6,F,0,4,OK,None,None
2016-09-27,ETHOSCOPE_028,7,F,7,4,OK,None,None
2016-09-27,ETHOSCOPE_028,9,F,6,4,OK,None,None
2016-09-27,ETHOSCOPE_028,12,F,5,4,OK,None,None
2016-09-27,ETHOSCOPE_028,14,F,4,4,OK,None,None
2016-09-27,ETHOSCOPE_028,16,F,3,4,OK,None,None
2016-09-27,ETHOSCOPE_028,18,F,2,4,OK,None,None
2016-09-27,ETHOSCOPE_028,20,F,1,4,OK,None,None
2016-09-27,ETHOSCOPE_029,1,F,10,4,OK,None,None
2016-09-27,ETHOSCOPE_029,2,F,0,4,OK,None,None
2016-09-27,ETHOSCOPE_029,3,F,9,4,OK,None,None
2016-09-27,ETHOSCOPE_029,4,F,0,4,OK,None,None
2016-09-27,ETHOSCOPE_029,5,F,8,4,OK,None,None
2016-09-27,ETHOSCOPE_029,6,F,0,4,OK,None,None
2016-09-27,ETHOSCOPE_029,7,F,7,4,OK,None,None
2016-09-27,ETHOSCOPE_029,9,F,6,4,OK,None,None
2016-09-27,ETHOSCOPE_029,12,F,5,4,OK,None,None
2016-09-27,ETHOSCOPE_029,14,F,4,4,OK,None,None
2016-09-27,ETHOSCOPE_029,16,F,3,4,OK,None,None
2016-09-27,ETHOSCOPE_029,18,F,2,4,OK,None,None
2016-09-27,ETHOSCOPE_029,20,F,1,4,OK,None,None
2016-09-27,ETHOSCOPE_030,1,F,10,4,OK,None,None
2016-09-27,ETHOSCOPE_030,2,F,0,4,OK,None,None
2016-09-27,ETHOSCOPE_030,3,F,9,4,OK,None,None
2016-09-27,ETHOSCOPE_030,4,F,0,4,OK,None,None
2016-09-27,ETHOSCOPE_030,5,F,8,4,OK,None,None
2016-09-27,ETHOSCOPE_030,6,F,0,4,OK,None,None
2016-09-27,ETHOSCOPE_030,7,F,7,4,OK,None,None
2016-09-27,ETHOSCOPE_030,9,F,6,4,OK,None,None
2016-09-27,ETHOSCOPE_030,12,F,5,4,OK,None,None
2016-09-27,ETHOSCOPE_030,14,F,4,4,OK,None,None
2016-09-27,ETHOSCOPE_030,16,F,3,4,OK,None,None
2016-09-27,ETHOSCOPE_030,18,F,2,4,OK,None,None
2016-09-27,ETHOSCOPE_030,20,F,1,4,OK,None,None
2016-09-27,ETHOSCOPE_056,1,F,10,4,OK,None,None
2016-09-27,ETHOSCOPE_056,2,F,0,4,OK,None,None
2016-09-27,ETHOSCOPE_056,3,F,9,4,OK,None,None
2016-09-27,ETHOSCOPE_056,4,F,0,4,OK,None,None
2016-09-27,ETHOSCOPE_056,5,F,8,4,OK,None,None
2016-09-27,ETHOSCOPE_056,6,F,0,4,OK,None,None
2016-09-27,ETHOSCOPE_056,7,F,7,4,OK,None,None
2016-09-27,ETHOSCOPE_056,9,F,6,4,OK,None,None
2016-09-27,ETHOSCOPE_056,12,F,5,4,OK,None,None
2016-09-27,ETHOSCOPE_056,14,F,4,4,OK,None,None
2016-09-27,ETHOSCOPE_056,16,F,3,4,OK,None,None
2016-09-27,ETHOSCOPE_056,18,F,2,4,OK,None,None
2016-09-27,ETHOSCOPE_056,20,F,1,4,OK,None,None
2016-09-27,ETHOSCOPE_055,1,F,10,4,OK,None,None
2016-09-27,ETHOSCOPE_055,2,F,0,4,OK,None,None
2016-09-27,ETHOSCOPE_055,3,F,9,4,OK,None,None
2016-09-27,ETHOSCOPE_055,4,F,0,4,OK,None,None
2016-09-27,ETHOSCOPE_055,5,F,8,4,OK,None,None
2016-09-27,ETHOSCOPE_055,6,F,0,4,OK,None,None
2016-09-27,ETHOSCOPE_055,7,F,7,4,OK,None,None
2016-09-27,ETHOSCOPE_055,9,F,6,4,OK,None,None
2016-09-27,ETHOSCOPE_055,12,F,5,4,OK,None,None
2016-09-27,ETHOSCOPE_055,14,F,4,4,OK,None,None
2016-09-27,ETHOSCOPE_055,16,F,3,4,OK,None,None
2016-09-27,ETHOSCOPE_055,18,F,2,4,OK,None,None
2016-09-27,ETHOSCOPE_055,20,F,1,4,OK,None,None
2016-10-04,ETHOSCOPE_041,1,F,10,4,OK,None,None
2016-10-04,ETHOSCOPE_041,2,F,0,4,OK,None,None
2016-10-04,ETHOSCOPE_041,3,F,9,4,OK,None,None
2016-10-04,ETHOSCOPE_041,4,F,0,4,OK,None,None
2016-10-04,ETHOSCOPE_041,5,F,8,4,OK,None,None
2016-10-04,ETHOSCOPE_041,6,F,0,4,OK,None,None
2016-10-04,ETHOSCOPE_041,9,F,6,4,OK,None,None
2016-10-04,ETHOSCOPE_041,12,F,5,4,OK,None,None
2016-10-04,ETHOSCOPE_041,14,F,4,4,OK,None,None
2016-10-04,ETHOSCOPE_041,16,F,3,4,OK,None,None
2016-10-04,ETHOSCOPE_041,18,F,2,4,OK,None,None
2016-10-04,ETHOSCOPE_041,20,F,1,4,OK,None,None
2016-10-04,ETHOSCOPE_046,1,F,10,4,OK,None,None
2016-10-04,ETHOSCOPE_046,2,F,0,4,OK,None,None
2016-10-04,ETHOSCOPE_046,3,F,9,4,OK,None,None
2016-10-04,ETHOSCOPE_046,4,F,0,4,OK,None,None
2016-10-04,ETHOSCOPE_046,5,F,8,4,OK,None,None
2016-10-04,ETHOSCOPE_046,6,F,0,4,OK,None,None
2016-10-04,ETHOSCOPE_046,7,F,7,4,OK,None,None
2016-10-04,ETHOSCOPE_046,9,F,6,4,OK,None,None
2016-10-04,ETHOSCOPE_046,12,F,5,4,OK,None,None
2016-10-04,ETHOSCOPE_046,14,F,4,4,OK,None,None
2016-10-04,ETHOSCOPE_046,16,F,3,4,OK,None,None
2016-10-04,ETHOSCOPE_046,18,F,2,4,OK,None,None
2016-10-04,ETHOSCOPE_046,20,F,1,4,OK,None,None
2016-10-04,ETHOSCOPE_052,1,F,10,4,OK,None,None
2016-10-04,ETHOSCOPE_052,2,F,0,4,OK,None,None
2016-10-04,ETHOSCOPE_052,3,F,9,4,OK,None,None
2016-10-04,ETHOSCOPE_052,4,F,0,4,OK,None,None
2016-10-04,ETHOSCOPE_052,5,F,8,4,OK,None,None
2016-10-04,ETHOSCOPE_052,6,F,0,4,OK,None,None
2016-10-04,ETHOSCOPE_052,7,F,7,4,OK,None,None
2016-10-04,ETHOSCOPE_052,9,F,6,4,OK,None,None
2016-10-04,ETHOSCOPE_052,12,F,5,4,OK,None,None
2016-10-04,ETHOSCOPE_052,14,F,4,4,OK,None,None
2016-10-04,ETHOSCOPE_052,16,F,3,4,OK,None,None
2016-10-04,ETHOSCOPE_052,18,F,2,4,OK,None,None
2016-10-04,ETHOSCOPE_052,20,F,1,4,OK,None,None
2016-10-04,ETHOSCOPE_053,1,F,10,4,OK,None,None
2016-10-04,ETHOSCOPE_053,2,F,0,4,OK,None,None
2016-10-04,ETHOSCOPE_053,3,F,9,4,OK,None,None
2016-10-04,ETHOSCOPE_053,4,F,0,4,OK,None,None
2016-10-04,ETHOSCOPE_053,5,F,8,4,OK,None,None
2016-10-04,ETHOSCOPE_053,6,F,0,4,OK,None,None
2016-10-04,ETHOSCOPE_053,7,F,7,4,OK,None,None
2016-10-04,ETHOSCOPE_053,9,F,6,4,OK,None,None
2016-10-04,ETHOSCOPE_053,12,F,5,4,OK,None,None
2016-10-04,ETHOSCOPE_053,14,F,4,4,OK,None,None
2016-10-04,ETHOSCOPE_053,16,F,3,4,OK,None,None
2016-10-04,ETHOSCOPE_053,18,F,2,4,OK,None,None
2016-10-04,ETHOSCOPE_053,20,F,1,4,OK,None,None
2016-10-04,ETHOSCOPE_055,1,F,10,4,OK,None,None
2016-10-04,ETHOSCOPE_055,2,F,0,4,OK,None,None
2016-10-04,ETHOSCOPE_055,3,F,9,4,OK,None,None
2016-10-04,ETHOSCOPE_055,4,F,0,4,OK,None,None
2016-10-04,ETHOSCOPE_055,5,F,8,4,OK,None,None
2016-10-04,ETHOSCOPE_055,6,F,0,4,OK,None,None
2016-10-04,ETHOSCOPE_055,7,F,7,4,OK,None,None
2016-10-04,ETHOSCOPE_055,9,F,6,4,OK,None,None
2016-10-04,ETHOSCOPE_055,12,F,5,4,OK,None,None
2016-10-04,ETHOSCOPE_055,14,F,4,4,OK,None,None
2016-10-04,ETHOSCOPE_055,16,F,3,4,OK,None,None
2016-10-04,ETHOSCOPE_055,18,F,2,4,OK,None,None
2016-10-04,ETHOSCOPE_055,20,F,1,4,OK,None,None
2016-10-04,ETHOSCOPE_057,1,F,10,4,OK,None,None
2016-10-04,ETHOSCOPE_057,2,F,0,4,OK,None,None
2016-10-04,ETHOSCOPE_057,3,F,9,4,OK,None,None
2016-10-04,ETHOSCOPE_057,4,F,0,4,OK,None,None
2016-10-04,ETHOSCOPE_057,5,F,8,4,OK,None,None
2016-10-04,ETHOSCOPE_057,6,F,0,4,OK,None,None
2016-10-04,ETHOSCOPE_057,7,F,7,4,OK,None,None
2016-10-04,ETHOSCOPE_057,9,F,6,4,OK,None,None
2016-10-04,ETHOSCOPE_057,12,F,5,4,OK,None,None
2016-10-04,ETHOSCOPE_057,14,F,4,4,OK,None,None
2016-10-04,ETHOSCOPE_057,16,F,3,4,OK,None,None
2016-10-04,ETHOSCOPE_057,18,F,2,4,OK,None,None
2016-10-04,ETHOSCOPE_057,20,F,1,4,OK,None,None
2016-10-04,ETHOSCOPE_058,1,F,10,4,OK,None,None
2016-10-04,ETHOSCOPE_058,2,F,0,4,OK,None,None
2016-10-04,ETHOSCOPE_058,3,F,9,4,OK,None,None
2016-10-04,ETHOSCOPE_058,4,F,0,4,OK,None,None
2016-10-04,ETHOSCOPE_058,5,F,8,4,OK,None,None
2016-10-04,ETHOSCOPE_058,6,F,0,4,OK,None,None
2016-10-04,ETHOSCOPE_058,7,F,7,4,OK,None,None
2016-10-04,ETHOSCOPE_058,9,F,6,4,OK,None,None
2016-10-04,ETHOSCOPE_058,12,F,5,4,OK,None,None
2016-10-04,ETHOSCOPE_058,14,F,4,4,OK,None,None
2016-10-04,ETHOSCOPE_058,16,F,3,4,OK,None,None
2016-10-04,ETHOSCOPE_058,18,F,2,4,OK,None,None
2016-10-04,ETHOSCOPE_058,20,F,1,4,OK,None,None
2016-10-04,ETHOSCOPE_026,1,F,10,4,OK,None,None
2016-10-04,ETHOSCOPE_026,2,F,0,4,OK,None,None
2016-10-04,ETHOSCOPE_026,3,F,9,4,OK,None,None
2016-10-04,ETHOSCOPE_026,4,F,0,4,OK,None,None
2016-10-04,ETHOSCOPE_026,5,F,8,4,OK,None,None
2016-10-04,ETHOSCOPE_026,6,F,0,4,OK,None,None
2016-10-04,ETHOSCOPE_026,7,F,7,4,OK,None,None
2016-10-04,ETHOSCOPE_026,9,F,6,4,OK,None,None
2016-10-04,ETHOSCOPE_026,12,F,5,4,OK,None,None
2016-10-04,ETHOSCOPE_026,14,F,4,4,OK,None,None
2016-10-04,ETHOSCOPE_026,16,F,3,4,OK,None,None
2016-10-04,ETHOSCOPE_026,18,F,2,4,OK,None,None
2016-10-04,ETHOSCOPE_026,20,F,1,4,OK,None,None
2016-10-04,ETHOSCOPE_027,1,F,10,4,OK,None,None
2016-10-04,ETHOSCOPE_027,2,F,0,4,OK,None,None
2016-10-04,ETHOSCOPE_027,3,F,9,4,OK,None,None
2016-10-04,ETHOSCOPE_027,4,F,0,4,OK,None,None
2016-10-04,ETHOSCOPE_027,5,F,8,4,OK,None,None
2016-10-04,ETHOSCOPE_027,6,F,0,4,OK,None,None
2016-10-04,ETHOSCOPE_027,7,F,7,4,OK,None,None
2016-10-04,ETHOSCOPE_027,9,F,6,4,OK,None,None
2016-10-04,ETHOSCOPE_027,12,F,5,4,OK,None,None
2016-10-04,ETHOSCOPE_027,14,F,4,4,OK,None,None
2016-10-04,ETHOSCOPE_027,16,F,3,4,OK,None,None
2016-10-04,ETHOSCOPE_027,18,F,2,4,OK,None,None
2016-10-04,ETHOSCOPE_027,20,F,1,4,OK,None,None
2016-10-04,ETHOSCOPE_028,1,F,10,4,OK,None,None
2016-10-04,ETHOSCOPE_028,2,F,0,4,OK,None,None
2016-10-04,ETHOSCOPE_028,3,F,9,4,OK,None,None
2016-10-04,ETHOSCOPE_028,4,F,0,4,OK,None,None
2016-10-04,ETHOSCOPE_028,5,F,8,4,OK,None,None
2016-10-04,ETHOSCOPE_028,6,F,0,4,OK,None,None
2016-10-04,ETHOSCOPE_028,7,F,7,4,OK,None,None
2016-10-04,ETHOSCOPE_028,9,F,6,4,OK,None,None
2016-10-04,ETHOSCOPE_028,12,F,5,4,OK,None,None
2016-10-04,ETHOSCOPE_028,14,F,4,4,OK,None,None
2016-10-04,ETHOSCOPE_028,16,F,3,4,OK,None,None
2016-10-04,ETHOSCOPE_028,18,F,2,4,OK,None,None
2016-10-04,ETHOSCOPE_028,20,F,1,4,OK,None,None
2016-10-04,ETHOSCOPE_029,1,F,10,4,OK,None,None
2016-10-04,ETHOSCOPE_029,2,F,0,4,OK,None,None
2016-10-04,ETHOSCOPE_029,3,F,9,4,OK,None,None
2016-10-04,ETHOSCOPE_029,4,F,0,4,OK,None,None
2016-10-04,ETHOSCOPE_029,5,F,8,4,OK,None,None
2016-10-04,ETHOSCOPE_029,6,F,0,4,OK,None,None
2016-10-04,ETHOSCOPE_029,7,F,7,4,OK,None,None
2016-10-04,ETHOSCOPE_029,9,F,6,4,OK,None,None
2016-10-04,ETHOSCOPE_029,12,F,5,4,OK,None,None
2016-10-04,ETHOSCOPE_029,14,F,4,4,OK,None,None
2016-10-04,ETHOSCOPE_029,16,F,3,4,OK,None,None
2016-10-04,ETHOSCOPE_029,18,F,2,4,OK,None,None
2016-10-04,ETHOSCOPE_029,20,F,1,4,OK,None,None
2016-10-04,ETHOSCOPE_030,1,F,10,4,OK,None,None
2016-10-04,ETHOSCOPE_030,2,F,0,4,OK,None,None
2016-10-04,ETHOSCOPE_030,3,F,9,4,OK,None,None
2016-10-04,ETHOSCOPE_030,4,F,0,4,OK,None,None
2016-10-04,ETHOSCOPE_030,5,F,8,4,OK,None,None
2016-10-04,ETHOSCOPE_030,6,F,0,4,OK,None,None
2016-10-04,ETHOSCOPE_030,7,F,7,4,OK,None,None
2016-10-04,ETHOSCOPE_030,9,F,6,4,OK,None,None
2016-10-04,ETHOSCOPE_030,12,F,5,4,OK,None,None
2016-10-04,ETHOSCOPE_030,14,F,4,4,OK,None,None
2016-10-04,ETHOSCOPE_030,16,F,3,4,OK,None,None
2016-10-04,ETHOSCOPE_030,18,F,2,4,OK,None,None
2016-10-04,ETHOSCOPE_030,20,F,1,4,OK,None,None
2016-10-04,ETHOSCOPE_056,1,F,10,4,OK,None,None
2016-10-04,ETHOSCOPE_056,2,F,0,4,OK,None,None
2016-10-04,ETHOSCOPE_056,3,F,9,4,OK,None,None
2016-10-04,ETHOSCOPE_056,4,F,0,4,OK,None,None
2016-10-04,ETHOSCOPE_056,5,F,8,4,OK,None,None
2016-10-04,ETHOSCOPE_056,6,F,0,4,OK,None,None
2016-10-04,ETHOSCOPE_056,7,F,7,4,OK,None,None
2016-10-04,ETHOSCOPE_056,9,F,6,4,OK,None,None
2016-10-04,ETHOSCOPE_056,12,F,5,4,OK,None,None
2016-10-04,ETHOSCOPE_056,14,F,4,4,OK,None,None
2016-10-04,ETHOSCOPE_056,16,F,3,4,OK,None,None
2016-10-04,ETHOSCOPE_056,18,F,2,4,OK,None,None
2016-10-04,ETHOSCOPE_056,20,F,1,4,OK,None,None
2016-10-11,ETHOSCOPE_041,1,F,10,4,OK,None,None
2016-10-11,ETHOSCOPE_041,2,F,0,4,OK,None,None
2016-10-11,ETHOSCOPE_041,3,F,9,4,OK,None,None
2016-10-11,ETHOSCOPE_041,4,F,0,4,OK,None,None
2016-10-11,ETHOSCOPE_041,5,F,8,4,OK,None,None
2016-10-11,ETHOSCOPE_041,6,F,0,4,OK,None,None
2016-10-11,ETHOSCOPE_041,9,F,6,4,OK,None,None
2016-10-11,ETHOSCOPE_041,12,F,5,4,OK,None,None
2016-10-11,ETHOSCOPE_041,14,F,4,4,OK,None,None
2016-10-11,ETHOSCOPE_041,16,F,3,4,OK,None,None
2016-10-11,ETHOSCOPE_041,18,F,2,4,OK,None,None
2016-10-11,ETHOSCOPE_041,20,F,1,4,OK,None,None
2016-10-11,ETHOSCOPE_046,1,F,10,4,OK,None,None
2016-10-11,ETHOSCOPE_046,2,F,0,4,OK,None,None
2016-10-11,ETHOSCOPE_046,3,F,9,4,OK,None,None
2016-10-11,ETHOSCOPE_046,4,F,0,4,OK,None,None
2016-10-11,ETHOSCOPE_046,5,F,8,4,OK,None,None
2016-10-11,ETHOSCOPE_046,6,F,0,4,OK,None,None
2016-10-11,ETHOSCOPE_046,7,F,7,4,OK,None,None
2016-10-11,ETHOSCOPE_046,9,F,6,4,OK,None,None
2016-10-11,ETHOSCOPE_046,12,F,5,4,OK,None,None
2016-10-11,ETHOSCOPE_046,14,F,4,4,OK,None,None
2016-10-11,ETHOSCOPE_046,16,F,3,4,OK,None,None
2016-10-11,ETHOSCOPE_046,18,F,2,4,OK,None,None
2016-10-11,ETHOSCOPE_046,20,F,1,4,OK,None,None
2016-10-11,ETHOSCOPE_016,1,F,10,4,OK,None,None
2016-10-11,ETHOSCOPE_016,2,F,0,4,OK,None,None
2016-10-11,ETHOSCOPE_016,3,F,9,4,OK,None,None
2016-10-11,ETHOSCOPE_016,4,F,0,4,OK,None,None
2016-10-11,ETHOSCOPE_016,5,F,8,4,OK,None,None
2016-10-11,ETHOSCOPE_016,6,F,0,4,OK,None,None
2016-10-11,ETHOSCOPE_016,7,F,7,4,OK,None,None
2016-10-11,ETHOSCOPE_016,9,F,6,4,OK,None,None
2016-10-11,ETHOSCOPE_016,12,F,5,4,OK,None,None
2016-10-11,ETHOSCOPE_016,14,F,4,4,OK,None,None
2016-10-11,ETHOSCOPE_016,16,F,3,4,OK,None,None
2016-10-11,ETHOSCOPE_016,18,F,2,4,OK,None,None
2016-10-11,ETHOSCOPE_016,20,F,1,4,OK,None,None
2016-10-11,ETHOSCOPE_053,1,F,10,4,OK,None,None
2016-10-11,ETHOSCOPE_053,2,F,0,4,OK,None,None
2016-10-11,ETHOSCOPE_053,3,F,9,4,OK,None,None
2016-10-11,ETHOSCOPE_053,4,F,0,4,OK,None,None
2016-10-11,ETHOSCOPE_053,5,F,8,4,OK,None,None
2016-10-11,ETHOSCOPE_053,6,F,0,4,OK,None,None
2016-10-11,ETHOSCOPE_053,7,F,7,4,OK,None,None
2016-10-11,ETHOSCOPE_053,9,F,6,4,OK,None,None
2016-10-11,ETHOSCOPE_053,12,F,5,4,OK,None,None
2016-10-11,ETHOSCOPE_053,14,F,4,4,OK,None,None
2016-10-11,ETHOSCOPE_053,16,F,3,4,OK,None,None
2016-10-11,ETHOSCOPE_053,18,F,2,4,OK,None,None
2016-10-11,ETHOSCOPE_053,20,F,1,4,OK,None,None
2016-10-11,ETHOSCOPE_018,1,F,10,4,OK,None,None
2016-10-11,ETHOSCOPE_018,2,F,0,4,OK,None,None
2016-10-11,ETHOSCOPE_018,3,F,9,4,OK,None,None
2016-10-11,ETHOSCOPE_018,4,F,0,4,OK,None,None
2016-10-11,ETHOSCOPE_018,5,F,8,4,OK,None,None
2016-10-11,ETHOSCOPE_018,6,F,0,4,OK,None,None
2016-10-11,ETHOSCOPE_018,7,F,7,4,OK,None,None
2016-10-11,ETHOSCOPE_018,9,F,6,4,OK,None,None
2016-10-11,ETHOSCOPE_018,12,F,5,4,OK,None,None
2016-10-11,ETHOSCOPE_018,14,F,4,4,OK,None,None
2016-10-11,ETHOSCOPE_018,16,F,3,4,OK,None,None
2016-10-11,ETHOSCOPE_018,18,F,2,4,OK,None,None
2016-10-11,ETHOSCOPE_018,20,F,1,4,OK,None,None
2016-10-11,ETHOSCOPE_057,1,F,10,4,OK,None,None
2016-10-11,ETHOSCOPE_057,2,F,0,4,OK,None,None
2016-10-11,ETHOSCOPE_057,3,F,9,4,OK,None,None
2016-10-11,ETHOSCOPE_057,4,F,0,4,OK,None,None
2016-10-11,ETHOSCOPE_057,5,F,8,4,OK,None,None
2016-10-11,ETHOSCOPE_057,6,F,0,4,OK,None,None
2016-10-11,ETHOSCOPE_057,7,F,7,4,OK,None,None
2016-10-11,ETHOSCOPE_057,9,F,6,4,OK,None,None
2016-10-11,ETHOSCOPE_057,12,F,5,4,OK,None,None
2016-10-11,ETHOSCOPE_057,14,F,4,4,OK,None,None
2016-10-11,ETHOSCOPE_057,16,F,3,4,OK,None,None
2016-10-11,ETHOSCOPE_057,18,F,2,4,OK,None,None
2016-10-11,ETHOSCOPE_057,20,F,1,4,OK,None,None
2016-10-11,ETHOSCOPE_040,1,F,10,4,OK,None,None
2016-10-11,ETHOSCOPE_040,2,F,0,4,OK,None,None
2016-10-11,ETHOSCOPE_040,3,F,9,4,OK,None,None
2016-10-11,ETHOSCOPE_040,4,F,0,4,OK,None,None
2016-10-11,ETHOSCOPE_040,5,F,8,4,OK,None,None
2016-10-11,ETHOSCOPE_040,6,F,0,4,OK,None,None
2016-10-11,ETHOSCOPE_040,7,F,7,4,OK,None,None
2016-10-11,ETHOSCOPE_040,9,F,6,4,OK,None,None
2016-10-11,ETHOSCOPE_040,12,F,5,4,OK,None,None
2016-10-11,ETHOSCOPE_040,14,F,4,4,OK,None,None
2016-10-11,ETHOSCOPE_040,16,F,3,4,OK,None,None
2016-10-11,ETHOSCOPE_040,18,F,2,4,OK,None,None
2016-10-11,ETHOSCOPE_040,20,F,1,4,OK,None,None
2017-06-27,ETHOSCOPE_062,1,F,10,4,OK,None,None
2017-06-27,ETHOSCOPE_062,2,F,0,4,OK,None,None
2017-06-27,ETHOSCOPE_062,3,F,9,4,OK,None,None
2017-06-27,ETHOSCOPE_062,4,F,0,4,OK,None,None
2017-06-27,ETHOSCOPE_062,5,F,8,4,OK,None,None
2017-06-27,ETHOSCOPE_062,6,F,0,4,OK,None,None
2017-06-27,ETHOSCOPE_062,7,F,7,4,OK,None,None
2017-06-27,ETHOSCOPE_062,9,F,6,4,OK,None,None
2017-06-27,ETHOSCOPE_062,12,F,5,4,OK,None,None
2017-06-27,ETHOSCOPE_062,14,F,4,4,OK,None,None
2017-06-27,ETHOSCOPE_062,16,F,3,4,OK,None,None
2017-06-27,ETHOSCOPE_062,18,F,2,4,OK,None,None
2017-06-27,ETHOSCOPE_062,20,F,1,4,OK,None,None
2017-06-27,ETHOSCOPE_047,1,F,10,4,OK,None,None
2017-06-27,ETHOSCOPE_047,2,F,0,4,OK,None,None
2017-06-27,ETHOSCOPE_047,3,F,9,4,OK,None,None
2017-06-27,ETHOSCOPE_047,4,F,0,4,OK,None,None
2017-06-27,ETHOSCOPE_047,5,F,8,4,OK,None,None
2017-06-27,ETHOSCOPE_047,6,F,0,4,OK,None,None
2017-06-27,ETHOSCOPE_047,7,F,7,4,OK,None,None
2017-06-27,ETHOSCOPE_047,9,F,6,4,OK,None,None
2017-06-27,ETHOSCOPE_047,12,F,5,4,OK,None,None
2017-06-27,ETHOSCOPE_047,14,F,4,4,OK,None,None
2017-06-27,ETHOSCOPE_047,16,F,3,4,OK,None,None
2017-06-27,ETHOSCOPE_047,18,F,2,4,OK,None,None
2017-06-27,ETHOSCOPE_047,20,F,1,4,OK,None,None
2017-06-27,ETHOSCOPE_010,1,F,10,4,OK,None,None
2017-06-27,ETHOSCOPE_010,2,F,0,4,OK,None,None
2017-06-27,ETHOSCOPE_010,3,F,9,4,OK,None,None
2017-06-27,ETHOSCOPE_010,4,F,0,4,OK,None,None
2017-06-27,ETHOSCOPE_010,5,F,8,4,OK,None,None
2017-06-27,ETHOSCOPE_010,6,F,0,4,OK,None,None
2017-06-27,ETHOSCOPE_010,7,F,7,4,OK,None,None
2017-06-27,ETHOSCOPE_010,9,F,6,4,OK,None,None
2017-06-27,ETHOSCOPE_010,12,F,5,4,OK,None,None
2017-06-27,ETHOSCOPE_010,14,F,4,4,OK,None,None
2017-06-27,ETHOSCOPE_010,16,F,3,4,OK,None,None
2017-06-27,ETHOSCOPE_010,18,F,2,4,OK,None,None
2017-06-27,ETHOSCOPE_010,20,F,1,4,OK,None,None
2017-08-08,ETHOSCOPE_052,1,F,10,4,OK,None,None
2017-08-08,ETHOSCOPE_052,2,F,0,4,OK,None,None
2017-08-08,ETHOSCOPE_052,3,F,9,4,OK,None,None
2017-08-08,ETHOSCOPE_052,4,F,0,4,OK,None,None
2017-08-08,ETHOSCOPE_052,5,F,8,4,OK,None,None
2017-08-08,ETHOSCOPE_052,6,F,0,4,OK,None,None
2017-08-08,ETHOSCOPE_052,7,F,7,4,OK,None,None
2017-08-08,ETHOSCOPE_052,9,F,6,4,OK,None,None
2017-08-08,ETHOSCOPE_052,14,F,4,4,OK,None,None
2017-08-08,ETHOSCOPE_052,16,F,3,4,OK,None,None
2017-08-08,ETHOSCOPE_052,18,F,2,4,OK,None,None
2017-08-08,ETHOSCOPE_052,20,F,1,4,OK,None,None
2017-08-08,ETHOSCOPE_047,1,F,10,4,OK,None,None
2017-08-08,ETHOSCOPE_047,2,F,0,4,OK,None,None
2017-08-08,ETHOSCOPE_047,3,F,9,4,OK,None,None
2017-08-08,ETHOSCOPE_047,4,F,0,4,OK,None,None
2017-08-08,ETHOSCOPE_047,5,F,8,4,OK,None,None
2017-08-08,ETHOSCOPE_047,6,F,0,4,OK,None,None
2017-08-08,ETHOSCOPE_047,7,F,7,4,OK,None,None
2017-08-08,ETHOSCOPE_047,9,F,6,4,OK,None,None
2017-08-08,ETHOSCOPE_047,12,F,5,4,OK,None,None
2017-08-08,ETHOSCOPE_047,14,F,4,4,OK,None,None
2017-08-08,ETHOSCOPE_047,18,F,2,4,OK,None,None
2017-08-08,ETHOSCOPE_047,20,F,1,4,OK,None,None
2017-08-08,ETHOSCOPE_062,1,F,10,4,OK,None,None
2017-08-08,ETHOSCOPE_062,2,F,0,4,OK,None,None
2017-08-08,ETHOSCOPE_062,3,F,9,4,OK,None,None
2017-08-08,ETHOSCOPE_062,4,F,0,4,OK,None,None
2017-08-08,ETHOSCOPE_062,5,F,8,4,OK,None,None
2017-08-08,ETHOSCOPE_062,6,F,0,4,OK,None,None
2017-08-08,ETHOSCOPE_062,7,F,7,4,OK,None,None
2017-08-08,ETHOSCOPE_062,9,F,6,4,OK,None,None
2017-08-08,ETHOSCOPE_062,12,F,5,4,OK,None,None
2017-08-08,ETHOSCOPE_062,16,F,3,4,OK,None,None
2017-08-08,ETHOSCOPE_062,18,F,2,4,OK,None,None
2017-08-08,ETHOSCOPE_062,20,F,1,4,OK,None,None
2017-08-08,ETHOSCOPE_055,1,F,10,4,OK,None,None
2017-08-08,ETHOSCOPE_055,2,F,0,4,OK,None,None
2017-08-08,ETHOSCOPE_055,3,F,9,4,OK,None,None
2017-08-08,ETHOSCOPE_055,4,F,0,4,OK,None,None
2017-08-08,ETHOSCOPE_055,5,F,8,4,OK,None,None
2017-08-08,ETHOSCOPE_055,6,F,0,4,OK,None,None
2017-08-08,ETHOSCOPE_055,7,F,7,4,OK,None,None
2017-08-08,ETHOSCOPE_055,9,F,6,4,OK,None,None
2017-08-08,ETHOSCOPE_055,12,F,5,4,OK,None,None
2017-08-08,ETHOSCOPE_055,14,F,4,4,OK,None,None
2017-08-08,ETHOSCOPE_055,16,F,3,4,OK,None,None
2017-08-08,ETHOSCOPE_055,18,F,2,4,OK,None,None
2017-08-08,ETHOSCOPE_055,20,F,1,4,OK,None,None
2017-08-08,ETHOSCOPE_034,1,F,10,4,OK,None,None
2017-08-08,ETHOSCOPE_034,2,F,0,4,OK,None,None
2017-08-08,ETHOSCOPE_034,3,F,9,4,OK,None,None
2017-08-08,ETHOSCOPE_034,4,F,0,4,OK,None,None
2017-08-08,ETHOSCOPE_034,5,F,8,4,OK,None,None
2017-08-08,ETHOSCOPE_034,6,F,0,4,OK,None,None
2017-08-08,ETHOSCOPE_034,9,F,6,4,OK,None,None
2017-08-08,ETHOSCOPE_034,12,F,5,4,OK,None,None
2017-08-08,ETHOSCOPE_034,14,F,4,4,OK,None,None
2017-08-08,ETHOSCOPE_034,16,F,3,4,OK,None,None
2017-08-08,ETHOSCOPE_034,18,F,2,4,OK,None,None
2017-08-08,ETHOSCOPE_034,20,F,1,4,OK,None,None
2017-08-15,ETHOSCOPE_052,1,F,10,4,OK,None,None
2017-08-15,ETHOSCOPE_052,2,F,0,4,OK,None,None
2017-08-15,ETHOSCOPE_052,3,F,9,4,OK,None,None
2017-08-15,ETHOSCOPE_052,4,F,0,4,OK,None,None
2017-08-15,ETHOSCOPE_052,5,F,8,4,OK,None,None
2017-08-15,ETHOSCOPE_052,6,F,0,4,OK,None,None
2017-08-15,ETHOSCOPE_052,7,F,7,4,OK,None,None
2017-08-15,ETHOSCOPE_052,9,F,6,4,OK,None,None
2017-08-15,ETHOSCOPE_052,12,F,5,4,OK,None,None
2017-08-15,ETHOSCOPE_052,14,F,4,4,OK,None,None
2017-08-15,ETHOSCOPE_052,16,F,3,4,OK,None,None
2017-08-15,ETHOSCOPE_052,18,F,2,4,OK,None,None
2017-08-15,ETHOSCOPE_052,20,F,1,4,OK,None,None
2017-08-15,ETHOSCOPE_047,1,F,10,4,OK,None,None
2017-08-15,ETHOSCOPE_047,2,F,0,4,OK,None,None
2017-08-15,ETHOSCOPE_047,4,F,0,4,OK,None,None
2017-08-15,ETHOSCOPE_047,5,F,8,4,OK,None,None
2017-08-15,ETHOSCOPE_047,6,F,0,4,OK,None,None
2017-08-15,ETHOSCOPE_047,7,F,7,4,OK,None,None
2017-08-15,ETHOSCOPE_047,12,F,5,4,OK,None,None
2017-08-15,ETHOSCOPE_047,14,F,4,4,OK,None,None
2017-08-15,ETHOSCOPE_047,16,F,3,4,OK,None,None
2017-08-15,ETHOSCOPE_047,18,F,2,4,OK,None,None
2017-08-15,ETHOSCOPE_047,20,F,1,4,OK,None,None
2017-08-15,ETHOSCOPE_062,2,F,0,4,OK,None,None
2017-08-15,ETHOSCOPE_062,3,F,9,4,OK,None,None
2017-08-15,ETHOSCOPE_062,4,F,0,4,OK,None,None
2017-08-15,ETHOSCOPE_062,6,F,0,4,OK,None,None
2017-08-15,ETHOSCOPE_062,9,F,6,4,OK,None,None
2017-08-15,ETHOSCOPE_062,12,F,5,4,OK,None,None
2017-08-15,ETHOSCOPE_062,14,F,4,4,OK,None,None
2017-08-15,ETHOSCOPE_062,16,F,3,4,OK,None,None
2017-08-15,ETHOSCOPE_062,18,F,2,4,OK,None,None
2017-08-15,ETHOSCOPE_062,20,F,1,4,OK,None,None
2017-08-15,ETHOSCOPE_055,1,F,10,4,OK,None,None
2017-08-15,ETHOSCOPE_055,2,F,0,4,OK,None,None
2017-08-15,ETHOSCOPE_055,3,F,9,4,OK,None,None
2017-08-15,ETHOSCOPE_055,5,F,8,4,OK,None,None
2017-08-15,ETHOSCOPE_055,6,F,0,4,OK,None,None
2017-08-15,ETHOSCOPE_055,7,F,7,4,OK,None,None
2017-08-15,ETHOSCOPE_055,9,F,6,4,OK,None,None
2017-08-15,ETHOSCOPE_055,12,F,5,4,OK,None,None
2017-08-15,ETHOSCOPE_055,14,F,4,4,OK,None,None
2017-08-15,ETHOSCOPE_055,16,F,3,4,OK,None,None
2017-08-15,ETHOSCOPE_055,18,F,2,4,OK,None,None
2017-08-15,ETHOSCOPE_055,20,F,1,4,OK,None,None
2017-08-15,ETHOSCOPE_034,1,F,10,4,OK,None,None
2017-08-15,ETHOSCOPE_034,2,F,0,4,OK,None,None
2017-08-15,ETHOSCOPE_034,4,F,0,4,OK,None,None
2017-08-15,ETHOSCOPE_034,5,F,8,4,OK,None,None
2017-08-15,ETHOSCOPE_034,9,F,6,4,OK,None,None
2017-08-15,ETHOSCOPE_034,12,F,5,4,OK,None,None
2017-08-15,ETHOSCOPE_034,14,F,4,4,OK,None,None
2017-08-15,ETHOSCOPE_034,16,F,3,4,OK,None,None
2017-08-15,ETHOSCOPE_034,18,F,2,4,OK,None,None
2017-08-22,ETHOSCOPE_052,1,F,10,4,OK,None,None
2017-08-22,ETHOSCOPE_052,2,F,0,4,OK,None,None
2017-08-22,ETHOSCOPE_052,3,F,9,4,OK,None,None
2017-08-22,ETHOSCOPE_052,4,F,0,4,OK,None,None
2017-08-22,ETHOSCOPE_052,5,F,8,4,OK,None,None
2017-08-22,ETHOSCOPE_052,6,F,0,4,OK,None,None
2017-08-22,ETHOSCOPE_052,7,F,7,4,OK,None,None
2017-08-22,ETHOSCOPE_052,9,F,6,4,OK,None,None
2017-08-22,ETHOSCOPE_052,12,F,5,4,OK,None,None
2017-08-22,ETHOSCOPE_052,14,F,4,4,OK,None,None
2017-08-22,ETHOSCOPE_052,16,F,3,4,OK,None,None
2017-08-22,ETHOSCOPE_052,18,F,2,4,OK,None,None
2017-08-22,ETHOSCOPE_052,20,F,1,4,OK,None,None
2017-08-22,ETHOSCOPE_047,1,F,10,4,OK,None,None
2017-08-22,ETHOSCOPE_047,2,F,0,4,OK,None,None
2017-08-22,ETHOSCOPE_047,3,F,9,4,OK,None,None
2017-08-22,ETHOSCOPE_047,4,F,0,4,OK,None,None
2017-08-22,ETHOSCOPE_047,5,F,8,4,OK,None,None
2017-08-22,ETHOSCOPE_047,6,F,0,4,OK,None,None
2017-08-22,ETHOSCOPE_047,7,F,7,4,OK,None,None
2017-08-22,ETHOSCOPE_047,9,F,6,4,OK,None,None
2017-08-22,ETHOSCOPE_047,12,F,5,4,OK,None,None
2017-08-22,ETHOSCOPE_047,14,F,4,4,OK,None,None
2017-08-22,ETHOSCOPE_047,16,F,3,4,OK,None,None
2017-08-22,ETHOSCOPE_047,18,F,2,4,OK,None,None
2017-08-22,ETHOSCOPE_047,20,F,1,4,OK,None,None
2017-08-22,ETHOSCOPE_062,1,F,10,4,OK,None,None
2017-08-22,ETHOSCOPE_062,2,F,0,4,OK,None,None
2017-08-22,ETHOSCOPE_062,3,F,9,4,OK,None,None
2017-08-22,ETHOSCOPE_062,4,F,0,4,OK,None,None
2017-08-22,ETHOSCOPE_062,5,F,8,4,OK,None,None
2017-08-22,ETHOSCOPE_062,6,F,0,4,OK,None,None
2017-08-22,ETHOSCOPE_062,7,F,7,4,OK,None,None
2017-08-22,ETHOSCOPE_062,9,F,6,4,OK,None,None
2017-08-22,ETHOSCOPE_062,12,F,5,4,OK,None,None
2017-08-22,ETHOSCOPE_062,14,F,4,4,OK,None,None
2017-08-22,ETHOSCOPE_062,16,F,3,4,OK,None,None
2017-08-22,ETHOSCOPE_062,18,F,2,4,OK,None,None
2017-08-22,ETHOSCOPE_062,20,F,1,4,OK,None,None
2017-08-22,ETHOSCOPE_055,1,F,10,4,OK,None,None
2017-08-22,ETHOSCOPE_055,2,F,0,4,OK,None,None
2017-08-22,ETHOSCOPE_055,3,F,9,4,OK,None,None
2017-08-22,ETHOSCOPE_055,4,F,0,4,OK,None,None
2017-08-22,ETHOSCOPE_055,5,F,8,4,OK,None,None
2017-08-22,ETHOSCOPE_055,6,F,0,4,OK,None,None
2017-08-22,ETHOSCOPE_055,7,F,7,4,OK,None,None
2017-08-22,ETHOSCOPE_055,9,F,6,4,OK,None,None
2017-08-22,ETHOSCOPE_055,12,F,5,4,OK,None,None
2017-08-22,ETHOSCOPE_055,14,F,4,4,OK,None,None
2017-08-22,ETHOSCOPE_055,16,F,3,4,OK,None,None
2017-08-22,ETHOSCOPE_055,18,F,2,4,OK,None,None
2017-08-22,ETHOSCOPE_055,20,F,1,4,OK,None,None
2017-08-22,ETHOSCOPE_050,1,F,10,4,OK,None,None
2017-08-22,ETHOSCOPE_050,2,F,0,4,OK,None,None
2017-08-22,ETHOSCOPE_050,3,F,9,4,OK,None,None
2017-08-22,ETHOSCOPE_050,4,F,0,4,OK,None,None
2017-08-22,ETHOSCOPE_050,5,F,8,4,OK,None,None
2017-08-22,ETHOSCOPE_050,6,F,0,4,OK,None,None
2017-08-22,ETHOSCOPE_050,7,F,7,4,OK,None,None
2017-08-22,ETHOSCOPE_050,9,F,6,4,OK,None,None
2017-08-22,ETHOSCOPE_050,12,F,5,4,OK,None,None
2017-08-22,ETHOSCOPE_050,14,F,4,4,OK,None,None
2017-08-22,ETHOSCOPE_050,16,F,3,4,OK,None,None
2017-08-22,ETHOSCOPE_050,18,F,2,4,OK,None,None
2017-08-22,ETHOSCOPE_050,20,F,1,4,OK,None,None
2017-08-29,ETHOSCOPE_055,1,F,10,4,OK,None,None
2017-08-29,ETHOSCOPE_055,2,F,0,4,OK,None,None
2017-08-29,ETHOSCOPE_055,3,F,9,4,OK,None,None
2017-08-29,ETHOSCOPE_055,4,F,0,4,OK,None,None
2017-08-29,ETHOSCOPE_055,5,F,8,4,OK,None,None
2017-08-29,ETHOSCOPE_055,6,F,0,4,OK,None,None
2017-08-29,ETHOSCOPE_055,7,F,7,4,OK,None,None
2017-08-29,ETHOSCOPE_055,9,F,6,4,OK,None,None
2017-08-29,ETHOSCOPE_055,12,F,5,4,OK,None,None
2017-08-29,ETHOSCOPE_055,14,F,4,4,OK,None,None
2017-08-29,ETHOSCOPE_055,16,F,3,4,OK,None,None
2017-08-29,ETHOSCOPE_055,18,F,2,4,OK,None,None
2017-08-29,ETHOSCOPE_050,1,F,10,4,OK,None,None
2017-08-29,ETHOSCOPE_050,2,F,0,4,OK,None,None
2017-08-29,ETHOSCOPE_050,3,F,9,4,OK,None,None
2017-08-29,ETHOSCOPE_050,4,F,0,4,OK,None,None
2017-08-29,ETHOSCOPE_050,5,F,8,4,OK,None,None
2017-08-29,ETHOSCOPE_050,6,F,0,4,OK,None,None
2017-08-29,ETHOSCOPE_050,7,F,7,4,OK,None,None
2017-08-29,ETHOSCOPE_050,9,F,6,4,OK,None,None
2017-08-29,ETHOSCOPE_050,12,F,5,4,OK,None,None
2017-08-29,ETHOSCOPE_050,14,F,4,4,OK,None,None
2017-08-29,ETHOSCOPE_050,16,F,3,4,OK,None,None
2017-08-29,ETHOSCOPE_050,18,F,2,4,OK,None,None
2017-08-29,ETHOSCOPE_050,20,F,1,4,OK,None,None
2017-09-05,ETHOSCOPE_052,1,F,10,4,OK,None,None
2017-09-05,ETHOSCOPE_052,2,F,0,4,OK,None,None
2017-09-05,ETHOSCOPE_052,3,F,9,4,OK,None,None
2017-09-05,ETHOSCOPE_052,4,F,0,4,OK,None,None
2017-09-05,ETHOSCOPE_052,5,F,8,4,OK,None,None
2017-09-05,ETHOSCOPE_052,7,F,7,4,OK,None,None
2017-09-05,ETHOSCOPE_052,9,F,6,4,OK,None,None
2017-09-05,ETHOSCOPE_052,12,F,5,4,OK,None,None
2017-09-05,ETHOSCOPE_052,14,F,4,4,OK,None,None
2017-09-05,ETHOSCOPE_052,16,F,3,4,OK,None,None
2017-09-05,ETHOSCOPE_052,18,F,2,4,OK,None,None
2017-09-05,ETHOSCOPE_052,20,F,1,4,OK,None,None
2017-09-05,ETHOSCOPE_047,1,F,10,4,OK,None,None
2017-09-05,ETHOSCOPE_047,2,F,0,4,OK,None,None
2017-09-05,ETHOSCOPE_047,3,F,9,4,OK,None,None
2017-09-05,ETHOSCOPE_047,4,F,0,4,OK,None,None
2017-09-05,ETHOSCOPE_047,5,F,8,4,OK,None,None
2017-09-05,ETHOSCOPE_047,6,F,0,4,OK,None,None
2017-09-05,ETHOSCOPE_047,7,F,7,4,OK,None,None
2017-09-05,ETHOSCOPE_047,9,F,6,4,OK,None,None
2017-09-05,ETHOSCOPE_047,12,F,5,4,OK,None,None
2017-09-05,ETHOSCOPE_047,14,F,4,4,OK,None,None
2017-09-05,ETHOSCOPE_047,16,F,3,4,OK,None,None
2017-09-05,ETHOSCOPE_047,18,F,2,4,OK,None,None
2017-09-05,ETHOSCOPE_047,20,F,1,4,OK,None,None
2017-09-05,ETHOSCOPE_031,1,F,10,4,OK,None,None
2017-09-05,ETHOSCOPE_031,2,F,0,4,OK,None,None
2017-09-05,ETHOSCOPE_031,3,F,9,4,OK,None,None
2017-09-05,ETHOSCOPE_031,4,F,0,4,OK,None,None
2017-09-05,ETHOSCOPE_031,5,F,8,4,OK,None,None
2017-09-05,ETHOSCOPE_031,6,F,0,4,OK,None,None
2017-09-05,ETHOSCOPE_031,7,F,7,4,OK,None,None
2017-09-05,ETHOSCOPE_031,9,F,6,4,OK,None,None
2017-09-05,ETHOSCOPE_031,12,F,5,4,OK,None,None
2017-09-05,ETHOSCOPE_031,14,F,4,4,OK,None,None
2017-09-05,ETHOSCOPE_031,16,F,3,4,OK,None,None
2017-09-05,ETHOSCOPE_031,18,F,2,4,OK,None,None
2017-09-05,ETHOSCOPE_031,20,F,1,4,OK,None,None
2017-09-05,ETHOSCOPE_055,1,F,10,4,OK,None,None
2017-09-05,ETHOSCOPE_055,2,F,0,4,OK,None,None
2017-09-05,ETHOSCOPE_055,3,F,9,4,OK,None,None
2017-09-05,ETHOSCOPE_055,4,F,0,4,OK,None,None
2017-09-05,ETHOSCOPE_055,5,F,8,4,OK,None,None
2017-09-05,ETHOSCOPE_055,7,F,7,4,OK,None,None
2017-09-05,ETHOSCOPE_055,9,F,6,4,OK,None,None
2017-09-05,ETHOSCOPE_055,12,F,5,4,OK,None,None
2017-09-05,ETHOSCOPE_055,14,F,4,4,OK,None,None
2017-09-05,ETHOSCOPE_055,16,F,3,4,OK,None,None
2017-09-05,ETHOSCOPE_055,18,F,2,4,OK,None,None
2017-09-05,ETHOSCOPE_055,20,F,1,4,OK,None,None
2017-09-05,ETHOSCOPE_050,1,F,10,4,OK,None,None
2017-09-05,ETHOSCOPE_050,2,F,0,4,OK,None,None
2017-09-05,ETHOSCOPE_050,3,F,9,4,OK,None,None
2017-09-05,ETHOSCOPE_050,4,F,0,4,OK,None,None
2017-09-05,ETHOSCOPE_050,5,F,8,4,OK,None,None
2017-09-05,ETHOSCOPE_050,6,F,0,4,OK,None,None
2017-09-05,ETHOSCOPE_050,7,F,7,4,OK,None,None
2017-09-05,ETHOSCOPE_050,9,F,6,4,OK,None,None
2017-09-05,ETHOSCOPE_050,12,F,5,4,OK,None,None
2017-09-05,ETHOSCOPE_050,14,F,4,4,OK,None,None
2017-09-05,ETHOSCOPE_050,16,F,3,4,OK,None,None
2017-09-05,ETHOSCOPE_050,18,F,2,4,OK,None,None
2017-09-05,ETHOSCOPE_050,20,F,1,4,OK,None,None
